Timestamp,SourceIP,SourcePort,DestinationIP,DestinationPort,FlowBytess,FlowPacketss,Label
05/07/2017 08:42,192.168.10.14,49459,209.48.71.168,80,313.250496,52.208416,BENIGN
05/07/2017 08:42,192.168.10.17,49453,192.168.10.3,389,1039665.971,33402.92276,BENIGN
05/07/2017 08:42,192.168.10.17,46124,192.168.10.3,88,5753424.658,14611.87215,BENIGN
05/07/2017 08:42,192.168.10.17,49454,192.168.10.3,389,665000.6576,1907.141918,BENIGN
05/07/2017 08:42,192.168.10.17,46126,192.168.10.3,88,5771062.271,13736.26374,BENIGN
05/07/2017 08:42,192.168.10.17,49460,192.168.10.3,389,1150115.473,34642.03233,BENIGN
05/07/2017 08:42,192.168.10.17,46131,192.168.10.3,88,5792279.412,13786.76471,BENIGN
05/07/2017 08:42,192.168.10.16,37380,91.189.88.161,80,554118.0025,486.8574388,BENIGN
05/07/2017 08:42,192.168.10.15,49413,192.168.10.3,49666,4000000,666666.6667,BENIGN
05/07/2017 08:42,192.168.10.3,49666,192.168.10.15,49413,4500000,750000,BENIGN
05/07/2017 08:43,192.168.10.12,49894,192.168.10.3,88,5790740.741,13888.88889,BENIGN
05/07/2017 08:43,192.168.10.12,43838,192.168.10.3,389,3250.459916,12.9778805,BENIGN
05/07/2017 08:43,192.168.10.12,59666,192.168.10.3,3268,2028.088522,11.50259161,BENIGN
05/07/2017 08:43,192.168.10.15,49452,131.253.61.82,443,79692.90303,94.73803113,BENIGN
05/07/2017 08:43,192.168.10.15,49452,131.253.61.82,443,22800000,500000,BENIGN
05/07/2017 08:42,192.168.10.8,49184,192.168.10.3,49666,75.1810614,0.697640854,BENIGN
05/07/2017 08:42,192.168.10.8,49183,192.168.10.3,135,51.13109701,0.697615288,BENIGN
05/07/2017 08:43,192.168.10.8,49184,192.168.10.3,49666,510638.2979,85106.38298,BENIGN
05/07/2017 08:43,192.168.10.8,49183,192.168.10.3,135,400000,66666.66667,BENIGN
05/07/2017 08:43,23.61.187.27,80,192.168.10.15,49441,138461.5385,23076.92308,BENIGN
05/07/2017 08:43,192.168.10.14,49466,134.170.51.247,443,26204.76182,18.42902826,BENIGN
05/07/2017 08:43,192.168.10.14,49468,134.170.51.247,443,28805.08529,68.30165654,BENIGN
05/07/2017 08:43,192.168.10.14,49470,40.77.226.220,443,17213.03718,34.86941404,BENIGN
05/07/2017 08:43,192.168.10.14,49470,40.77.226.220,443,1276315.789,39473.68421,BENIGN
05/07/2017 08:43,192.168.10.9,13792,192.168.10.50,44459,722698.5242,808.151792,BENIGN
05/07/2017 08:43,192.168.10.50,44459,192.168.10.9,13792,413793.1034,68965.51724,BENIGN
05/07/2017 08:43,192.168.10.9,13791,192.168.10.50,21,2412.050349,152.0794208,BENIGN
05/07/2017 08:43,192.168.10.50,21,192.168.10.9,13791,444444.4444,74074.07407,BENIGN
05/07/2017 08:43,192.168.10.9,13790,192.168.10.50,22,2020.851066,14.42968328,BENIGN
05/07/2017 08:43,192.168.10.9,13790,192.168.10.50,22,84507.04225,14084.50704,BENIGN
05/07/2017 08:43,192.168.10.12,49902,192.168.10.3,88,5476357.268,13134.85114,BENIGN
05/07/2017 08:43,192.168.10.9,13803,192.168.10.50,22,6447.384298,51.42001514,BENIGN
05/07/2017 08:43,192.168.10.9,13803,192.168.10.50,22,70175.4386,11695.90643,BENIGN
05/07/2017 08:43,192.168.10.9,13795,173.194.206.108,465,1508.702245,11.18109371,BENIGN
05/07/2017 08:43,192.168.10.9,13795,173.194.206.108,465,127604.1667,7812.5,BENIGN
05/07/2017 08:43,192.168.10.12,49904,192.168.10.3,88,5629162.916,13501.35014,BENIGN
05/07/2017 08:44,192.168.10.12,49906,192.168.10.3,88,5644404.332,13537.90614,BENIGN
05/07/2017 08:44,192.168.10.14,49473,134.170.51.247,443,29546.60763,69.18500069,BENIGN
05/07/2017 08:44,192.168.10.14,49474,134.170.51.247,443,24588.17829,57.19745909,BENIGN
05/07/2017 08:44,192.168.10.12,40372,192.168.10.50,35215,572521.0014,586.0846753,BENIGN
05/07/2017 08:44,192.168.10.50,35215,192.168.10.12,40372,0,750000,BENIGN
05/07/2017 08:44,192.168.10.50,35215,192.168.10.12,40372,0,24691.35802,BENIGN
05/07/2017 08:44,192.168.10.12,45392,192.168.10.50,21,3096.468894,226.3199856,BENIGN
05/07/2017 08:44,192.168.10.50,21,192.168.10.12,45392,14000000,2000000,BENIGN
05/07/2017 08:44,192.168.10.12,45392,192.168.10.50,21,0,666666.6667,BENIGN
05/07/2017 08:44,192.168.10.12,50454,192.168.10.50,22,3269.611379,31.61508196,BENIGN
05/07/2017 08:44,192.168.10.12,50454,192.168.10.50,22,0,13245.03311,BENIGN
05/07/2017 08:44,192.168.10.12,50458,192.168.10.50,22,32128.31445,244.9562096,BENIGN
05/07/2017 08:44,192.168.10.12,50458,192.168.10.50,22,0,40000,BENIGN
05/07/2017 08:44,192.168.10.14,49475,131.253.61.66,443,95870.49408,118.6883245,BENIGN
05/07/2017 08:44,192.168.10.14,49475,131.253.61.66,443,30300000,666666.6667,BENIGN
05/07/2017 08:44,192.168.10.14,49477,134.170.51.247,443,31202.63352,68.31446858,BENIGN
05/07/2017 08:44,192.168.10.12,47222,173.194.206.109,465,1549.075772,11.62335163,BENIGN
05/07/2017 08:44,192.168.10.12,47222,173.194.206.109,465,9250000,500000,BENIGN
05/07/2017 08:44,192.168.10.15,49440,23.15.4.24,80,794.0183948,132.3363991,BENIGN
05/07/2017 08:44,192.168.10.15,49448,104.88.33.160,443,1846.048169,128.7940583,BENIGN
05/07/2017 08:44,192.168.10.15,49447,165.254.0.106,80,517.8216967,86.30361612,BENIGN
05/07/2017 08:44,192.168.10.15,49450,23.217.36.24,443,1313.057286,91.60864786,BENIGN
05/07/2017 08:44,192.168.10.15,49456,131.253.61.82,443,74701.94694,83.14784967,BENIGN
05/07/2017 08:44,192.168.10.15,49456,131.253.61.82,443,267955.8011,8287.292818,BENIGN
05/07/2017 08:42,192.168.10.14,49460,40.83.143.209,443,1447.682336,1.874980531,BENIGN
05/07/2017 08:42,40.83.143.209,443,192.168.10.14,49461,1452.866052,1.859647543,BENIGN
05/07/2017 08:44,192.168.10.15,49457,64.4.54.36,443,20631.02572,39.156312,BENIGN
05/07/2017 08:44,192.168.10.14,49478,134.170.51.247,443,39332.4162,25.76812683,BENIGN
05/07/2017 08:44,192.168.10.15,49442,13.78.188.147,443,188.1998683,31.36664471,BENIGN
05/07/2017 08:44,192.168.10.12,42064,172.217.11.46,443,32061.79973,102.1483066,BENIGN
05/07/2017 08:44,172.217.11.46,443,192.168.10.12,42064,14012.73885,955.4140127,BENIGN
05/07/2017 08:44,192.168.10.14,49480,192.168.10.3,88,1378378.378,18581.08108,BENIGN
05/07/2017 08:44,192.168.10.14,49481,192.168.10.3,88,4518331.226,16434.89254,BENIGN
05/07/2017 08:44,192.168.10.14,49482,192.168.10.3,88,5568316.832,10891.08911,BENIGN
05/07/2017 08:44,192.168.10.14,49483,192.168.10.3,88,1468531.469,19230.76923,BENIGN
05/07/2017 08:44,192.168.10.3,88,192.168.10.14,49483,600000,100000,BENIGN
05/07/2017 08:44,192.168.10.14,49484,192.168.10.3,88,4633074.935,16795.86563,BENIGN
05/07/2017 08:44,192.168.10.14,49487,192.168.10.3,88,6265989.848,15228.4264,BENIGN
05/07/2017 08:44,192.168.10.14,49489,192.168.10.3,389,13139.83334,68.88844664,BENIGN
05/07/2017 08:44,192.168.10.3,389,192.168.10.14,49489,750000,125000,BENIGN
05/07/2017 08:44,192.168.10.14,49488,192.168.10.3,389,16434.37328,67.21116004,BENIGN
05/07/2017 08:44,192.168.10.14,49479,134.170.51.247,443,29710.00362,18.90472205,BENIGN
05/07/2017 08:44,192.168.10.14,49490,64.4.54.36,443,29837.28557,53.6074672,BENIGN
05/07/2017 08:44,192.168.10.12,34984,91.189.95.83,80,187.5378724,3.433187595,BENIGN
05/07/2017 08:44,192.168.10.12,37830,91.189.88.149,80,241898.7769,194.8017956,BENIGN
05/07/2017 08:44,192.168.10.12,37828,91.189.88.149,80,1431138.571,1171.993445,BENIGN
05/07/2017 08:44,192.168.10.14,49492,23.194.141.143,80,38829.11324,193.286515,BENIGN
05/07/2017 08:44,192.168.10.14,49492,23.194.141.143,80,3000000,500000,BENIGN
05/07/2017 08:44,192.168.10.14,49495,23.194.141.143,80,52938.15316,256.981326,BENIGN
05/07/2017 08:44,192.168.10.14,49495,23.194.141.143,80,230769.2308,38461.53846,BENIGN
05/07/2017 08:44,192.168.10.12,33330,54.231.112.171,443,3627.986073,6.528784282,BENIGN
05/07/2017 08:44,192.168.10.14,49503,134.170.51.247,443,47176.09832,72.40140656,BENIGN
05/07/2017 08:44,192.168.10.14,49485,192.168.10.3,135,98.7607695,1.605098548,BENIGN
05/07/2017 08:44,192.168.10.14,49485,192.168.10.3,135,480000,80000,BENIGN
05/07/2017 08:44,192.168.10.14,49505,131.253.61.66,443,94899.99697,116.962611,BENIGN
05/07/2017 08:44,192.168.10.14,49505,131.253.61.66,443,30300000,666666.6667,BENIGN
05/07/2017 08:44,192.168.10.9,13813,72.21.91.29,80,2.036280062,0.678760021,BENIGN
05/07/2017 08:44,192.168.10.9,13810,52.40.81.184,443,577.2293721,2.490204366,BENIGN
05/07/2017 08:44,52.40.81.184,443,192.168.10.9,13810,12300000,666666.6667,BENIGN
05/07/2017 08:42,192.168.10.19,5353,224.0.0.251,5353,35.35393638,0.785643031,BENIGN
05/07/2017 08:43,192.168.10.9,13805,52.33.209.128,443,72.34713509,0.441340408,BENIGN
05/07/2017 08:42,192.168.10.16,123,38.126.113.10,123,3.423241869,0.071317539,BENIGN
05/07/2017 08:42,192.168.10.16,123,159.203.8.72,123,3.309118913,0.068939977,BENIGN
05/07/2017 08:42,8.6.0.1,0,8.0.6.4,0,0,1.113611875,BENIGN
05/07/2017 08:42,192.168.10.19,123,4.53.160.75,123,3.366034121,0.070125711,BENIGN
05/07/2017 08:42,192.168.10.19,123,208.81.1.244,123,3.425947703,0.07137391,BENIGN
05/07/2017 08:43,192.168.10.15,49445,64.4.54.254,443,47.72661923,0.102939767,BENIGN
05/07/2017 08:42,192.168.10.16,123,158.69.223.100,123,4.720031728,0.098333994,BENIGN
05/07/2017 08:42,192.168.10.19,123,132.163.4.101,123,8.853241612,0.184442534,BENIGN
05/07/2017 08:42,192.168.10.19,123,128.100.100.128,123,8.858494274,0.184551964,BENIGN
05/07/2017 08:42,192.168.10.19,123,158.69.223.100,123,7.61703648,0.15868826,BENIGN
05/07/2017 08:44,192.168.10.14,49513,192.168.10.3,135,102.3937325,1.66414288,BENIGN
05/07/2017 08:44,192.168.10.14,49513,192.168.10.3,135,347826.087,57971.01449,BENIGN
05/07/2017 08:42,192.168.10.19,123,91.189.89.198,123,2.995591612,0.062408159,BENIGN
05/07/2017 08:42,192.168.10.14,49429,192.168.10.3,445,0.666007149,0.222002383,BENIGN
05/07/2017 08:42,192.168.10.19,123,38.126.113.10,123,9.86965186,0.205617747,BENIGN
05/07/2017 08:42,192.168.10.19,123,91.189.91.157,123,2.864104378,0.059668841,BENIGN
05/07/2017 08:43,192.168.10.15,49419,192.168.10.3,445,0.666294504,0.222098168,BENIGN
05/07/2017 08:42,192.168.10.19,123,138.236.128.36,123,9.733192623,0.202774846,BENIGN
05/07/2017 08:44,192.168.10.15,49454,23.63.226.146,80,9.104868578,0.133160784,BENIGN
05/07/2017 08:42,192.168.10.19,123,192.154.108.74,123,9.729466959,0.202697228,BENIGN
05/07/2017 08:43,192.168.10.17,123,91.189.91.157,123,2.998278847,0.062464143,BENIGN
05/07/2017 08:43,192.168.10.19,123,198.55.111.50,123,3.092092914,0.064418602,BENIGN
05/07/2017 08:42,192.168.10.17,5353,224.0.0.251,5353,316.4433623,2.788047245,BENIGN
05/07/2017 08:43,192.168.10.14,49469,104.88.33.160,443,52.77478116,0.150129063,BENIGN
05/07/2017 08:45,104.88.33.160,443,192.168.10.14,49469,12300000,666666.6667,BENIGN
05/07/2017 08:45,192.168.10.14,49521,40.77.226.220,443,16573.81649,28.80315683,BENIGN
05/07/2017 08:45,192.168.10.14,49521,40.77.226.220,443,598765.4321,18518.51852,BENIGN
05/07/2017 08:43,192.168.10.14,49471,23.217.36.24,443,59.70340218,0.141142795,BENIGN
05/07/2017 08:45,23.217.36.24,443,192.168.10.14,49471,12300000,666666.6667,BENIGN
05/07/2017 08:43,192.168.10.3,60527,192.168.10.1,53,14.23681411,0.150654118,BENIGN
05/07/2017 08:45,192.168.10.14,49525,134.170.51.247,443,29365.90854,64.29317689,BENIGN
05/07/2017 08:43,192.168.10.17,123,207.210.46.249,123,9.878557541,0.205803282,BENIGN
05/07/2017 08:43,192.168.10.8,123,192.168.10.3,123,5.999332949,0.124986103,BENIGN
05/07/2017 08:44,192.168.10.14,49486,192.168.10.3,49666,173.8892974,0.808710665,BENIGN
05/07/2017 08:45,192.168.10.14,49486,192.168.10.3,49666,489795.9184,81632.65306,BENIGN
05/07/2017 08:43,192.168.10.19,123,45.79.109.111,123,2.996206381,0.062420966,BENIGN
05/07/2017 08:45,192.168.10.25,49152,192.168.10.3,389,0,30.90098442,BENIGN
05/07/2017 08:45,192.168.10.25,49153,192.168.10.3,389,4673517.787,12648.22134,BENIGN
05/07/2017 08:42,192.168.10.19,123,104.131.53.252,123,7.548527851,0.157260997,BENIGN
05/07/2017 08:44,192.168.10.12,33630,54.200.60.113,443,70.52460952,0.456469965,BENIGN
05/07/2017 08:43,192.168.10.17,123,91.189.89.198,123,2.904947222,0.060519734,BENIGN
05/07/2017 08:44,192.168.10.14,49496,23.194.141.101,80,79.78813754,0.183000315,BENIGN
05/07/2017 08:44,192.168.10.14,49493,23.194.142.54,80,90.19671345,0.248384561,BENIGN
05/07/2017 08:42,192.168.10.17,123,199.182.221.110,123,11.06670666,0.230556389,BENIGN
05/07/2017 08:43,192.168.10.17,123,158.69.223.100,123,9.73682958,0.202850616,BENIGN
05/07/2017 08:45,192.168.10.14,49531,72.21.91.29,80,2.372036067,0.790678689,BENIGN
05/07/2017 08:45,192.168.10.14,49532,72.21.91.29,80,2.385557359,0.795185786,BENIGN
05/07/2017 08:45,192.168.10.14,49528,52.11.17.245,443,654.8430057,2.496468937,BENIGN
05/07/2017 08:45,52.11.17.245,443,192.168.10.14,49528,12300000,666666.6667,BENIGN
05/07/2017 08:42,192.168.10.5,49163,192.168.10.3,445,0.600001955,0.200000652,BENIGN
05/07/2017 08:45,192.168.10.14,49535,52.84.64.19,443,697.8641041,2.209506418,BENIGN
05/07/2017 08:42,192.168.10.17,123,144.217.240.204,123,9.598027605,0.199958908,BENIGN
05/07/2017 08:43,192.168.10.17,123,91.189.89.199,123,2.904948189,0.060519754,BENIGN
05/07/2017 08:43,192.168.10.17,123,208.81.1.244,123,10.02345324,0.208821942,BENIGN
05/07/2017 08:45,192.168.10.25,49154,192.168.10.3,389,0,3995.43379,BENIGN
05/07/2017 08:43,192.168.10.19,138,192.168.10.255,138,129000000,550000,BENIGN
05/07/2017 08:43,192.168.10.12,138,192.168.10.255,138,122000000,523809.5238,BENIGN
05/07/2017 08:45,192.168.10.25,49156,192.168.10.3,3268,0,5124.450952,BENIGN
05/07/2017 08:45,192.168.10.25,49159,192.168.10.3,389,21115.44641,563.3567718,BENIGN
05/07/2017 08:45,192.168.10.25,49158,192.168.10.3,389,3888.109709,97.39753779,BENIGN
05/07/2017 08:44,192.168.10.14,49511,198.41.215.182,80,113.9462064,0.279807458,BENIGN
05/07/2017 08:45,192.168.10.14,49511,198.41.215.182,80,3000000,500000,BENIGN
05/07/2017 08:42,192.168.10.17,123,206.108.0.132,123,9.139744951,0.190411353,BENIGN
05/07/2017 08:42,192.168.10.17,123,144.217.148.73,123,9.929192675,0.206858181,BENIGN
05/07/2017 08:43,192.168.10.5,123,192.168.10.3,123,5.999168646,0.12498268,BENIGN
05/07/2017 08:43,192.168.10.17,123,159.203.8.72,123,10.17839932,0.212049986,BENIGN
05/07/2017 08:43,192.168.10.12,123,91.189.89.199,123,2.949579338,0.06144957,BENIGN
05/07/2017 08:43,192.168.10.9,13798,172.217.11.46,80,10.96985727,0.259334687,BENIGN
05/07/2017 08:43,192.168.10.17,123,206.108.0.134,123,9.735055538,0.202813657,BENIGN
05/07/2017 08:42,192.168.10.17,123,192.168.10.3,123,13.04642675,0.271800557,BENIGN
05/07/2017 08:44,192.168.10.9,13809,52.40.81.184,443,131.6330803,0.489949431,BENIGN
05/07/2017 08:44,192.168.10.9,13808,52.40.81.184,443,139.6822581,0.489941277,BENIGN
05/07/2017 08:43,192.168.10.9,13787,2.16.4.144,80,13.00890953,0.279664491,BENIGN
05/07/2017 08:43,192.168.10.12,5353,224.0.0.251,5353,126.7488598,1.243367273,BENIGN
05/07/2017 08:43,192.168.10.12,123,192.154.108.74,123,2.906074228,0.060543213,BENIGN
05/07/2017 08:43,192.168.10.17,123,99.224.25.39,123,63.28050071,1.318343765,BENIGN
05/07/2017 08:43,192.168.10.12,123,209.133.217.165,123,2.906137701,0.060544535,BENIGN
05/07/2017 08:43,192.168.10.12,123,192.168.10.3,123,5.731322582,0.119402554,BENIGN
05/07/2017 08:43,192.168.10.17,123,128.100.100.128,123,9.735983737,0.202832995,BENIGN
05/07/2017 08:43,192.168.10.12,123,208.81.1.244,123,2.821749552,0.058786449,BENIGN
05/07/2017 08:43,192.168.10.9,13806,72.21.91.29,80,18.30136879,0.276638546,BENIGN
05/07/2017 08:43,192.168.10.12,123,99.224.25.39,123,2.906143595,0.060544658,BENIGN
05/07/2017 08:43,192.168.10.12,123,66.228.59.187,123,2.780748375,0.057932258,BENIGN
05/07/2017 08:43,192.168.10.12,123,138.236.128.36,123,2.821784677,0.058787181,BENIGN
05/07/2017 08:43,192.168.10.15,123,192.168.10.3,123,5.999925188,0.124998441,BENIGN
05/07/2017 08:43,192.168.10.12,123,4.53.160.75,123,2.780973564,0.057936949,BENIGN
05/07/2017 08:43,192.168.10.12,123,173.255.246.13,123,2.820170754,0.058753557,BENIGN
05/07/2017 08:43,192.168.10.12,123,45.79.109.111,123,2.820166405,0.058753467,BENIGN
05/07/2017 08:43,192.168.10.12,123,38.126.113.10,123,2.779079466,0.057897489,BENIGN
05/07/2017 08:43,192.168.10.12,123,104.131.53.252,123,2.864643662,0.059680076,BENIGN
05/07/2017 08:43,192.168.10.12,123,204.9.54.119,123,2.78107596,0.057939083,BENIGN
05/07/2017 08:43,192.168.10.12,123,198.55.111.50,123,2.778816055,0.057892001,BENIGN
05/07/2017 08:42,192.168.10.17,123,198.55.111.50,123,8.719823224,0.181662984,BENIGN
05/07/2017 08:43,192.168.10.15,49453,137.116.74.190,443,22749.1407,51.08977325,BENIGN
05/07/2017 08:43,192.168.10.19,123,91.189.89.199,123,2.995598062,0.062408293,BENIGN
05/07/2017 08:44,192.168.10.14,49508,23.194.181.138,80,115.3141596,0.214577893,BENIGN
05/07/2017 08:44,192.168.10.14,49498,184.84.243.224,80,589.3261185,0.530965141,BENIGN
05/07/2017 08:44,192.168.10.14,49504,23.15.4.24,80,295.6073065,0.372457757,BENIGN
05/07/2017 08:43,192.168.10.14,49467,165.254.0.90,80,251002.837,301.8114173,BENIGN
05/07/2017 08:44,192.168.10.14,49494,40.80.145.78,80,91.04712074,0.1565921,BENIGN
05/07/2017 08:45,192.168.10.14,49467,165.254.0.90,80,522.2159363,87.03598938,BENIGN
05/07/2017 08:43,192.168.10.16,123,104.131.53.252,123,2.781650598,0.057951054,BENIGN
05/07/2017 08:43,192.168.10.19,123,204.9.54.119,123,2.82204261,0.058792554,BENIGN
05/07/2017 08:43,192.168.10.16,123,66.228.59.187,123,2.907074941,0.060564061,BENIGN
05/07/2017 08:43,192.168.10.16,123,45.79.109.111,123,2.820040607,0.058750846,BENIGN
05/07/2017 08:42,192.168.10.19,123,99.224.25.39,123,3.305949966,0.068873958,BENIGN
05/07/2017 08:43,192.168.10.19,123,192.168.10.3,123,5.565200534,0.115941678,BENIGN
05/07/2017 08:42,192.168.10.17,123,45.79.109.111,123,8.565015134,0.178437815,BENIGN
05/07/2017 08:43,192.168.10.14,123,192.168.10.3,123,5.999872971,0.124997354,BENIGN
05/07/2017 08:42,192.168.10.17,123,104.131.53.252,123,8.569624512,0.178533844,BENIGN
05/07/2017 08:43,192.168.10.16,123,192.154.108.74,123,2.820687652,0.058764326,BENIGN
05/07/2017 08:43,192.168.10.16,123,192.168.10.3,123,5.565211423,0.115941905,BENIGN
05/07/2017 08:43,192.168.10.16,123,206.108.0.134,123,2.864712562,0.059681512,BENIGN
05/07/2017 08:43,192.168.10.19,123,173.255.246.13,123,2.779222274,0.057900464,BENIGN
05/07/2017 08:42,192.168.10.17,123,209.133.217.165,123,7.365807362,0.15345432,BENIGN
05/07/2017 08:43,192.168.10.19,123,66.228.59.187,123,9.875690045,0.205743543,BENIGN
05/07/2017 08:42,192.168.10.17,138,192.168.10.255,138,80.41677104,0.342199026,BENIGN
05/07/2017 08:44,192.168.10.12,43316,184.84.243.199,80,11.59271294,0.28129377,BENIGN
05/07/2017 08:44,192.168.10.12,45498,172.217.11.46,80,20.37394929,0.284167509,BENIGN
05/07/2017 08:46,192.168.10.5,49189,192.168.10.3,88,1092369.478,14725.56894,BENIGN
05/07/2017 08:46,192.168.10.5,49190,192.168.10.3,88,3962305.987,14412.41685,BENIGN
05/07/2017 08:46,192.168.10.5,49191,192.168.10.3,88,5957627.119,11652.54237,BENIGN
05/07/2017 08:46,192.168.10.5,49192,192.168.10.3,88,1489436.62,21126.76056,BENIGN
05/07/2017 08:46,192.168.10.5,49193,192.168.10.3,88,1347107.438,4883.546206,BENIGN
05/07/2017 08:45,192.168.10.14,49514,40.83.143.209,443,404.823031,0.87358646,BENIGN
05/07/2017 08:44,192.168.10.12,46788,72.21.91.29,80,10.71543256,0.260293908,BENIGN
05/07/2017 08:46,192.168.10.5,49196,192.168.10.3,88,6165834.166,14985.01499,BENIGN
05/07/2017 08:45,192.168.10.12,44902,34.211.94.203,443,76.53391781,0.425006805,BENIGN
05/07/2017 08:46,192.168.10.5,49199,192.168.10.3,88,6238289.206,15274.94908,BENIGN
05/07/2017 08:46,192.168.10.5,49201,192.168.10.3,88,5998056.365,14577.25948,BENIGN
05/07/2017 08:46,192.168.10.5,49203,192.168.10.3,88,6295991.778,15416.23844,BENIGN
05/07/2017 08:45,192.168.10.14,49527,52.11.17.245,443,66.31070446,0.429730388,BENIGN
05/07/2017 08:45,192.168.10.14,49526,52.38.199.186,443,67.74280927,0.459162106,BENIGN
05/07/2017 08:46,192.168.10.14,49548,52.11.31.31,443,659.8404872,2.502312233,BENIGN
05/07/2017 08:46,52.11.31.31,443,192.168.10.14,49548,9250000,500000,BENIGN
05/07/2017 08:45,192.168.10.14,49523,65.55.44.109,443,746.7724997,0.943832307,BENIGN
05/07/2017 08:42,192.168.10.16,34938,192.168.10.3,3268,2590163.934,16393.44262,BENIGN
05/07/2017 08:42,192.168.10.16,53856,192.168.10.3,389,1159.375436,5.52668375,BENIGN
05/07/2017 08:46,192.168.10.5,49187,134.170.165.249,443,12409.10498,8.271507552,BENIGN
05/07/2017 08:46,192.168.10.5,49194,192.168.10.3,135,244.20835,2.301220888,BENIGN
05/07/2017 08:46,192.168.10.5,49197,192.168.10.3,49671,318.6963033,1.186041409,BENIGN
05/07/2017 08:46,192.168.10.5,49194,192.168.10.3,135,260869.5652,43478.26087,BENIGN
05/07/2017 08:46,192.168.10.3,135,192.168.10.5,49194,12000000,2000000,BENIGN
05/07/2017 08:46,192.168.10.5,49197,192.168.10.3,49671,324324.3243,54054.05405,BENIGN
05/07/2017 08:42,192.168.10.16,8612,192.168.10.255,8612,39138.1696,2174.342755,BENIGN
05/07/2017 08:42,192.168.10.16,8612,192.168.10.255,8610,39091.80652,2171.767029,BENIGN
05/07/2017 08:44,192.168.10.9,13812,72.21.91.29,80,18.42722098,0.286433487,BENIGN
05/07/2017 08:44,192.168.10.9,13811,72.21.91.29,80,18.42716692,0.286432646,BENIGN
05/07/2017 08:45,192.168.10.14,49542,35.160.9.151,443,72.28082469,0.457266853,BENIGN
05/07/2017 08:46,192.168.10.14,49542,35.160.9.151,443,136363.6364,22727.27273,BENIGN
05/07/2017 08:42,192.168.10.16,5353,224.0.0.251,5353,28.41559191,0.687473998,BENIGN
05/07/2017 08:45,192.168.10.9,13787,2.16.4.144,80,0.761615631,0.235738172,BENIGN
05/07/2017 08:46,192.168.10.25,49162,192.168.10.50,139,70029.98112,974.6949452,BENIGN
05/07/2017 08:46,192.168.10.25,49162,192.168.10.50,139,0,100.1970542,BENIGN
05/07/2017 08:44,192.168.10.14,49512,23.194.142.4,443,69.06842062,0.211951124,BENIGN
05/07/2017 08:46,23.194.142.4,443,192.168.10.14,49512,12300000,666666.6667,BENIGN
05/07/2017 08:46,192.168.10.5,49210,134.170.165.249,443,28945.77987,17.20925623,BENIGN
05/07/2017 08:46,192.168.10.16,42438,192.168.10.3,88,5500439.754,13192.61214,BENIGN
05/07/2017 08:46,192.168.10.5,49211,23.208.217.149,80,21779.0226,108.6536604,BENIGN
05/07/2017 08:46,192.168.10.5,49213,23.208.217.149,80,31236.81991,131.8009279,BENIGN
05/07/2017 08:46,192.168.10.5,49213,23.208.217.149,80,115384.6154,19230.76923,BENIGN
05/07/2017 08:43,192.168.10.9,13797,172.217.10.238,443,266.5540432,0.398575975,BENIGN
05/07/2017 08:46,192.168.10.5,49217,23.208.217.149,80,23056.96502,140.5912501,BENIGN
05/07/2017 08:46,192.168.10.5,49217,23.208.217.149,80,4000000,666666.6667,BENIGN
05/07/2017 08:46,192.168.10.5,49218,23.208.217.149,80,31037.59871,130.9603321,BENIGN
05/07/2017 08:43,192.168.10.9,13800,172.217.12.174,443,1137.565682,1.511541255,BENIGN
05/07/2017 08:46,192.168.10.9,13797,172.217.10.238,443,34.9429484,1.158329781,BENIGN
05/07/2017 08:46,192.168.10.9,13800,172.217.12.174,443,43.44588779,1.440195175,BENIGN
05/07/2017 08:46,172.217.10.238,443,192.168.10.9,13797,3000000,500000,BENIGN
05/07/2017 08:46,172.217.12.174,443,192.168.10.9,13800,4000000,666666.6667,BENIGN
05/07/2017 08:46,192.168.10.5,49195,192.168.10.3,49666,543.875508,2.126334195,BENIGN
05/07/2017 08:46,192.168.10.5,49195,192.168.10.3,49666,480000,80000,BENIGN
05/07/2017 08:44,192.168.10.19,123,209.133.217.165,123,3.196435761,0.066592412,BENIGN
05/07/2017 08:43,192.168.10.50,53580,192.168.10.3,3268,150.3316286,0.77172294,BENIGN
05/07/2017 08:43,192.168.10.50,54594,192.168.10.3,389,445.0600772,1.798326334,BENIGN
05/07/2017 08:44,192.168.10.19,5353,224.0.0.251,5353,31800000,705882.3529,BENIGN
05/07/2017 08:44,8.6.0.1,0,8.0.6.4,0,0,2.042110933,BENIGN
05/07/2017 08:46,192.168.10.5,49219,192.168.10.50,22,1684.814273,14.07487171,BENIGN
05/07/2017 08:46,192.168.10.5,49219,192.168.10.50,22,88235.29412,14705.88235,BENIGN
05/07/2017 08:46,192.168.10.5,49223,192.168.10.50,22,7157.564992,52.71904189,BENIGN
05/07/2017 08:46,192.168.10.5,49223,192.168.10.50,22,70588.23529,11764.70588,BENIGN
05/07/2017 08:46,192.168.10.3,55339,104.40.17.139,443,21530.27458,56.13420566,BENIGN
05/07/2017 08:46,192.168.10.3,55339,104.40.17.139,443,250000,41666.66667,BENIGN
05/07/2017 08:46,192.168.10.5,49233,172.217.11.46,80,2.337346948,0.779115649,BENIGN
05/07/2017 08:46,192.168.10.5,49236,72.21.91.29,80,2.379828101,0.793276034,BENIGN
05/07/2017 08:46,192.168.10.5,49237,72.21.91.29,80,2.379806863,0.793268954,BENIGN
05/07/2017 08:46,192.168.10.5,49231,52.38.199.186,443,664.581818,2.51808908,BENIGN
05/07/2017 08:46,192.168.10.5,49229,52.11.17.245,443,653.0632268,2.491144938,BENIGN
05/07/2017 08:46,52.11.17.245,443,192.168.10.5,49229,12300000,666666.6667,BENIGN
05/07/2017 08:46,52.38.199.186,443,192.168.10.5,49231,12300000,666666.6667,BENIGN
05/07/2017 08:46,192.168.10.5,49239,52.84.145.54,443,715.0133651,2.089663999,BENIGN
05/07/2017 08:44,192.168.10.14,49429,192.168.10.3,445,0.666205712,0.222068571,BENIGN
05/07/2017 08:44,192.168.10.25,5353,224.0.0.251,5353,353.8283878,3.628408873,BENIGN
05/07/2017 08:42,192.168.10.12,59656,192.168.10.3,3268,117.2652962,0.385487496,BENIGN
05/07/2017 08:42,192.168.10.12,43832,192.168.10.3,389,130.5794835,0.662419701,BENIGN
05/07/2017 08:45,192.168.10.15,49419,192.168.10.3,445,0.666427878,0.222142626,BENIGN
05/07/2017 08:44,192.168.10.16,123,38.126.113.10,123,2.779052918,0.057896936,BENIGN
05/07/2017 08:44,192.168.10.16,123,159.203.8.72,123,2.822595797,0.058804079,BENIGN
05/07/2017 08:44,192.168.10.19,123,4.53.160.75,123,2.863927339,0.059665153,BENIGN
05/07/2017 08:46,192.168.10.5,49249,52.84.145.232,443,781.2837201,2.661954753,BENIGN
05/07/2017 08:46,192.168.10.9,13814,35.166.101.186,443,197.5785796,0.527799862,BENIGN
05/07/2017 08:45,192.168.10.12,46798,72.21.91.29,80,21.1778454,0.282942874,BENIGN
05/07/2017 08:44,192.168.10.19,123,208.81.1.244,123,2.780875404,0.057934904,BENIGN
05/07/2017 08:44,192.168.10.16,123,158.69.223.100,123,2.822833625,0.058809034,BENIGN
05/07/2017 08:44,192.168.10.19,123,91.189.89.198,123,2.995454351,0.062405299,BENIGN
05/07/2017 08:44,192.168.10.19,123,91.189.91.157,123,2.952167915,0.061503498,BENIGN
05/07/2017 08:44,192.168.10.19,123,128.100.100.128,123,2.908099379,0.060585404,BENIGN
05/07/2017 08:45,192.168.10.12,53604,35.167.220.41,443,98.53861032,0.368957354,BENIGN
05/07/2017 08:47,192.168.10.12,53604,35.167.220.41,443,223021.5827,21582.73381,BENIGN
05/07/2017 08:44,192.168.10.19,123,158.69.223.100,123,2.908368532,0.060591011,BENIGN
05/07/2017 08:44,192.168.10.19,123,132.163.4.101,123,2.779996385,0.057916591,BENIGN
05/07/2017 08:44,192.168.10.25,123,17.253.14.253,123,8.466533139,0.176386107,BENIGN
05/07/2017 08:44,192.168.10.12,44866,172.217.12.174,443,1391.24295,1.743444035,BENIGN
05/07/2017 08:45,192.168.10.14,49534,52.84.64.19,443,64.19732174,0.346544247,BENIGN
05/07/2017 08:47,52.84.64.19,443,192.168.10.14,49534,48979.59184,8163.265306,BENIGN
05/07/2017 08:46,192.168.10.14,49547,52.11.31.31,443,138.5786489,0.46253453,BENIGN
05/07/2017 08:46,192.168.10.14,49546,52.11.31.31,443,134.6621741,0.445901239,BENIGN
05/07/2017 08:45,192.168.10.14,49540,172.217.11.46,80,21.0808466,0.284876305,BENIGN
05/07/2017 08:44,192.168.10.19,123,38.126.113.10,123,2.861936302,0.059623673,BENIGN
05/07/2017 08:45,192.168.10.19,123,138.236.128.36,123,2.907181772,0.060566287,BENIGN
05/07/2017 08:47,192.168.10.12,44866,172.217.12.174,443,40.74270332,1.446486508,BENIGN
05/07/2017 08:47,172.217.12.174,443,192.168.10.12,44866,0,666666.6667,BENIGN
05/07/2017 08:45,192.168.10.14,49522,184.84.243.199,80,12.99848757,0.281785395,BENIGN
05/07/2017 08:46,192.168.10.14,49549,54.149.95.48,443,82.17076583,0.458779949,BENIGN
05/07/2017 08:45,192.168.10.14,49533,13.107.4.50,80,4314097.883,3432.076647,BENIGN
05/07/2017 08:45,192.168.10.14,49541,172.217.11.46,443,52618.0602,50.37538554,BENIGN
05/07/2017 08:45,192.168.10.17,5353,224.0.0.251,5353,30000000,666666.6667,BENIGN
05/07/2017 08:45,192.168.10.17,123,91.189.91.157,123,2.998288446,0.062464343,BENIGN
05/07/2017 08:45,192.168.10.5,49163,192.168.10.3,445,0.666536566,0.222178855,BENIGN
05/07/2017 08:45,192.168.10.19,123,192.154.108.74,123,2.779855752,0.057913662,BENIGN
05/07/2017 08:45,192.168.10.14,49543,72.21.91.29,80,11.39083153,0.259866879,BENIGN
05/07/2017 08:45,192.168.10.14,49529,72.21.91.29,80,32.28041789,0.299606106,BENIGN
05/07/2017 08:47,192.168.10.9,13842,72.247.66.99,443,39852.02992,131.7241039,BENIGN
05/07/2017 08:47,192.168.10.9,13837,72.247.66.99,443,212080.0098,269.9717757,BENIGN
05/07/2017 08:47,72.247.66.99,443,192.168.10.9,13842,33831.62864,2360.346184,BENIGN
05/07/2017 08:47,72.247.66.99,443,192.168.10.9,13837,21500000,1500000,BENIGN
05/07/2017 08:45,192.168.10.8,123,192.168.10.3,123,5.999331637,0.124986076,BENIGN
05/07/2017 08:47,192.168.10.9,13851,172.217.3.99,443,24535.17853,68.66680752,BENIGN
05/07/2017 08:47,192.168.10.9,13852,172.217.3.99,443,24539.68288,68.66463138,BENIGN
05/07/2017 08:47,172.217.3.99,443,192.168.10.9,13851,21039.78521,292.8972419,BENIGN
05/07/2017 08:47,172.217.3.99,443,192.168.10.9,13852,13300.82706,185.1623256,BENIGN
05/07/2017 08:47,192.168.10.9,13853,172.217.3.99,443,17558.23237,59.01343423,BENIGN
05/07/2017 08:47,192.168.10.9,13854,172.217.3.99,443,17318.01868,54.79301937,BENIGN
05/07/2017 08:47,172.217.3.99,443,192.168.10.9,13853,11292.59931,806.6142367,BENIGN
05/07/2017 08:47,172.217.3.99,443,192.168.10.9,13854,25000,1785.714286,BENIGN
05/07/2017 08:47,192.168.10.9,13855,172.217.3.99,443,213952.333,256.6898056,BENIGN
05/07/2017 08:43,192.168.10.3,62287,192.168.10.1,53,3128.437353,28.57020413,BENIGN
05/07/2017 08:47,172.217.3.99,443,192.168.10.9,13855,4000000,666666.6667,BENIGN
05/07/2017 08:47,192.168.10.9,13867,72.247.66.99,443,77701.21237,212.9633855,BENIGN
05/07/2017 08:47,72.247.66.99,443,192.168.10.9,13867,84540.03407,1490.630324,BENIGN
05/07/2017 08:47,192.168.10.9,13875,72.247.66.99,443,57231.32775,160.1622978,BENIGN
05/07/2017 08:47,192.168.10.9,13876,72.247.66.99,443,59034.85668,165.3020068,BENIGN
05/07/2017 08:47,72.247.66.99,443,192.168.10.9,13875,6488.416652,217.7321024,BENIGN
05/07/2017 08:45,192.168.10.3,60430,192.168.10.1,53,5966.434232,36.60389099,BENIGN
05/07/2017 08:47,72.247.66.99,443,192.168.10.9,13876,6757.676085,226.7676539,BENIGN
05/07/2017 08:45,192.168.10.3,62129,192.168.10.1,53,912.8719831,9.763336718,BENIGN
05/07/2017 08:47,192.168.10.9,13885,172.217.10.78,443,27002.34878,103.3692637,BENIGN
05/07/2017 08:47,192.168.10.9,13886,172.217.10.78,443,27164.9017,103.991542,BENIGN
05/07/2017 08:47,172.217.10.78,443,192.168.10.9,13885,4911.849838,350.846417,BENIGN
05/07/2017 08:47,172.217.10.78,443,192.168.10.9,13886,3652.25331,260.8752364,BENIGN
05/07/2017 08:45,192.168.10.3,62081,192.168.10.1,53,139.6762147,2.635400278,BENIGN
05/07/2017 08:45,192.168.10.14,49530,72.21.91.29,80,31.58690873,0.301066644,BENIGN
05/07/2017 08:47,192.168.10.9,13927,173.194.204.154,443,14981.38526,62.21505505,BENIGN
05/07/2017 08:45,192.168.10.19,123,198.55.111.50,123,2.904957507,0.060519948,BENIGN
05/07/2017 08:47,173.194.204.154,443,192.168.10.9,13927,527.7625069,87.96041781,BENIGN
05/07/2017 08:47,192.168.10.9,13932,199.59.150.10,443,13755.27348,46.56490682,BENIGN
05/07/2017 08:47,199.59.150.10,443,192.168.10.9,13932,22149.49003,608.9206881,BENIGN
05/07/2017 08:47,192.168.10.9,13954,172.217.10.36,443,16439.54857,69.03589867,BENIGN
05/07/2017 08:47,192.168.10.9,13955,172.217.10.36,443,16037.08118,67.34578547,BENIGN
05/07/2017 08:47,192.168.10.9,13960,107.22.219.178,443,17574.4663,41.89384101,BENIGN
05/07/2017 08:47,192.168.10.9,13960,107.22.219.178,443,4216.444132,702.7406887,BENIGN
05/07/2017 08:47,172.217.10.36,443,192.168.10.9,13954,3021.908839,503.6514732,BENIGN
05/07/2017 08:47,172.217.10.36,443,192.168.10.9,13955,1958.863859,326.4773098,BENIGN
05/07/2017 08:47,192.168.10.9,13967,107.22.219.178,443,9947.969107,66.31979405,BENIGN
05/07/2017 08:47,192.168.10.9,13967,107.22.219.178,443,1458.966565,243.1610942,BENIGN
05/07/2017 08:44,192.168.10.3,62342,192.168.10.1,53,1671.845926,18.89091441,BENIGN
05/07/2017 08:47,192.168.10.9,13982,107.22.219.178,443,5116.369254,50.03784112,BENIGN
05/07/2017 08:47,107.22.219.178,443,192.168.10.9,13982,41310.93363,688.5155605,BENIGN
05/07/2017 08:47,192.168.10.9,13977,216.58.219.195,443,20594.2231,85.39651309,BENIGN
05/07/2017 08:47,192.168.10.9,13973,216.58.219.195,443,21747.2992,83.87572972,BENIGN
05/07/2017 08:47,216.58.219.195,443,192.168.10.9,13977,1781.120127,296.8533544,BENIGN
05/07/2017 08:47,216.58.219.195,443,192.168.10.9,13973,1458.316455,243.0527424,BENIGN
05/07/2017 08:47,192.168.10.9,13975,216.58.219.195,443,14035.95106,46.99845734,BENIGN
05/07/2017 08:47,192.168.10.9,13976,216.58.219.195,443,15183.35663,67.87262069,BENIGN
05/07/2017 08:47,216.58.219.195,443,192.168.10.9,13975,4936.965529,352.640395,BENIGN
05/07/2017 08:47,216.58.219.195,443,192.168.10.9,13976,4000000,666666.6667,BENIGN
05/07/2017 08:44,192.168.10.3,60707,192.168.10.1,53,3174.133281,32.89257286,BENIGN
05/07/2017 08:47,192.168.10.8,49185,192.168.10.3,88,1306836.248,17488.07631,BENIGN
05/07/2017 08:47,192.168.10.8,49186,192.168.10.3,88,4389228.886,17135.86291,BENIGN
05/07/2017 08:47,192.168.10.8,49187,192.168.10.3,88,5740932.642,11398.96373,BENIGN
05/07/2017 08:47,192.168.10.8,49190,192.168.10.3,88,1664062.5,23437.5,BENIGN
05/07/2017 08:47,192.168.10.8,49191,192.168.10.3,88,4664935.065,16883.11688,BENIGN
05/07/2017 08:47,192.168.10.8,49192,192.168.10.3,88,6575221.239,14380.53097,BENIGN
05/07/2017 08:47,192.168.10.9,13846,23.61.187.27,80,2.284490234,0.761496745,BENIGN
05/07/2017 08:47,192.168.10.9,13845,23.61.187.27,80,2.282351187,0.760783729,BENIGN
05/07/2017 08:47,192.168.10.9,13840,72.247.66.99,80,2.250948916,0.750316305,BENIGN
05/07/2017 08:47,192.168.10.9,13827,23.208.162.59,80,2.164685679,0.721561893,BENIGN
05/07/2017 08:47,192.168.10.9,13818,52.84.145.181,443,735.4221186,2.696323075,BENIGN
05/07/2017 08:47,192.168.10.9,13841,72.247.66.99,443,971.3039521,2.438576937,BENIGN
05/07/2017 08:47,192.168.10.9,13819,52.84.145.181,443,735.3977046,2.527718966,BENIGN
05/07/2017 08:47,192.168.10.9,13820,52.84.145.181,443,735.393739,2.527705336,BENIGN
05/07/2017 08:47,192.168.10.9,13821,52.84.145.181,443,734.3778305,2.527688724,BENIGN
05/07/2017 08:47,192.168.10.9,13822,52.84.145.181,443,734.367683,2.359143543,BENIGN
05/07/2017 08:47,192.168.10.9,13817,52.84.145.181,443,735.2928787,2.695849235,BENIGN
05/07/2017 08:47,72.247.66.99,80,192.168.10.9,13840,1000000,166666.6667,BENIGN
05/07/2017 08:47,72.247.66.99,443,192.168.10.9,13841,27700000,1000000,BENIGN
05/07/2017 08:45,192.168.10.17,123,91.189.89.198,123,2.949576347,0.061449507,BENIGN
05/07/2017 08:47,52.84.145.181,443,192.168.10.9,13822,79.64637012,13.27439502,BENIGN
05/07/2017 08:47,192.168.10.9,13881,23.199.170.43,80,2.384367135,0.794789045,BENIGN
05/07/2017 08:47,192.168.10.9,13872,72.247.66.99,80,2.266934996,0.755644999,BENIGN
05/07/2017 08:47,192.168.10.9,13870,72.247.66.99,80,2.228841883,0.742947294,BENIGN
05/07/2017 08:47,192.168.10.9,13865,23.66.120.199,80,2.165157492,0.721719164,BENIGN
05/07/2017 08:47,192.168.10.9,13864,23.66.120.199,80,2.164980538,0.721660179,BENIGN
05/07/2017 08:47,192.168.10.9,13863,23.66.120.199,80,2.157145148,0.719048383,BENIGN
05/07/2017 08:47,192.168.10.9,13858,172.217.11.46,80,2.074499423,0.691499808,BENIGN
05/07/2017 08:47,192.168.10.9,13860,172.217.11.46,80,2.076339386,0.692113129,BENIGN
05/07/2017 08:47,192.168.10.9,13849,66.235.155.62,80,3.647534739,0.994782202,BENIGN
05/07/2017 08:47,192.168.10.9,13913,52.203.219.73,80,21549.18317,19.12592809,BENIGN
05/07/2017 08:47,192.168.10.9,13913,52.203.219.73,80,92307.69231,15384.61538,BENIGN
05/07/2017 08:47,192.168.10.8,49195,192.168.10.3,88,6461706.783,14223.19475,BENIGN
05/07/2017 08:47,192.168.10.8,49198,192.168.10.3,88,2875478.927,10536.39847,BENIGN
05/07/2017 08:47,192.168.10.8,49199,192.168.10.3,88,11000000,22000,BENIGN
05/07/2017 08:47,192.168.10.3,88,192.168.10.8,49199,1090909.091,181818.1818,BENIGN
05/07/2017 08:47,192.168.10.8,49196,192.168.10.3,389,71470.2058,343.7504671,BENIGN
05/07/2017 08:47,192.168.10.9,13931,199.59.148.12,80,2.294625299,0.7648751,BENIGN
05/07/2017 08:47,192.168.10.9,13917,204.13.194.231,80,2.552356582,0.729244738,BENIGN
05/07/2017 08:47,192.168.10.9,13918,204.13.194.231,80,2.552385432,0.729252981,BENIGN
05/07/2017 08:47,192.168.10.9,13896,52.84.145.69,80,2.096894342,1.048447171,BENIGN
05/07/2017 08:47,192.168.10.9,13891,23.61.187.27,80,2.080800609,0.693600203,BENIGN
05/07/2017 08:47,192.168.10.9,13883,72.21.91.188,80,2.001910824,0.667303608,BENIGN
05/07/2017 08:45,192.168.10.19,123,45.79.109.111,123,2.862208327,0.05962934,BENIGN
05/07/2017 08:47,192.168.10.9,13970,52.44.99.25,80,1787.747857,4.039093941,BENIGN
05/07/2017 08:47,192.168.10.9,13970,52.44.99.25,80,190476.1905,31746.03175,BENIGN
05/07/2017 08:47,192.168.10.9,13952,162.208.22.39,80,349.6221761,1.768746254,BENIGN
05/07/2017 08:47,192.168.10.9,13952,162.208.22.39,80,109090.9091,18181.81818,BENIGN
05/07/2017 08:47,192.168.10.9,13965,34.192.57.248,80,2.135529227,0.711843076,BENIGN
05/07/2017 08:47,192.168.10.9,13951,162.208.22.39,80,2.038461003,0.679487001,BENIGN
05/07/2017 08:47,192.168.10.9,13963,34.196.254.146,80,2.074823675,0.691607892,BENIGN
05/07/2017 08:47,192.168.10.9,13945,72.21.91.29,80,2.004994106,0.668331369,BENIGN
05/07/2017 08:47,192.168.10.9,13947,52.9.83.130,80,2.029110979,0.676370326,BENIGN
05/07/2017 08:47,192.168.10.9,13961,34.196.254.146,80,2.060501828,0.686833943,BENIGN
05/07/2017 08:47,192.168.10.9,13962,34.196.254.146,80,2.074569,0.691523,BENIGN
05/07/2017 08:47,192.168.10.9,13972,52.9.197.149,80,2.223632582,0.741210861,BENIGN
05/07/2017 08:47,192.168.10.9,13985,107.22.220.154,443,1029.449314,2.701966704,BENIGN
05/07/2017 08:45,192.168.10.19,123,104.131.53.252,123,2.822285614,0.058797617,BENIGN
05/07/2017 08:47,107.22.220.154,443,192.168.10.9,13985,72000000,750000,BENIGN
05/07/2017 08:47,192.168.10.8,49194,192.168.10.3,389,4192.247175,13.41439603,BENIGN
05/07/2017 08:47,192.168.10.9,13988,50.19.105.166,80,2.216606818,0.738868939,BENIGN
05/07/2017 08:47,192.168.10.9,13992,66.170.124.124,443,732.8072047,2.642787446,BENIGN
05/07/2017 08:47,192.168.10.9,13989,50.19.105.166,80,2.225382678,0.741794226,BENIGN
05/07/2017 08:47,192.168.10.9,13990,50.19.105.166,80,2.22544706,0.741815687,BENIGN
05/07/2017 08:47,192.168.10.9,13991,66.170.124.124,443,937.4027664,3.394337114,BENIGN
05/07/2017 08:47,192.168.10.9,13991,66.170.124.124,443,224137.931,10344.82759,BENIGN
05/07/2017 08:47,66.170.124.124,443,192.168.10.9,13992,6000000,1000000,BENIGN
05/07/2017 08:45,192.168.10.17,123,199.182.221.110,123,2.905932249,0.060540255,BENIGN
05/07/2017 08:45,192.168.10.17,123,207.210.46.249,123,2.822428748,0.058800599,BENIGN
05/07/2017 08:45,192.168.10.17,123,158.69.223.100,123,2.908342099,0.06059046,BENIGN
05/07/2017 08:47,66.170.124.124,443,192.168.10.9,13992,12.00296473,2.000494122,BENIGN
05/07/2017 08:47,192.168.10.9,13903,104.244.43.112,80,119.2391245,1.082203275,BENIGN
05/07/2017 08:47,192.168.10.9,13903,104.244.43.112,80,244897.9592,40816.32653,BENIGN
05/07/2017 08:45,192.168.10.17,123,144.217.240.204,123,2.864980241,0.059687088,BENIGN
05/07/2017 08:47,192.168.10.9,13953,159.127.41.108,80,272.1331712,0.980306813,BENIGN
05/07/2017 08:47,192.168.10.9,13953,159.127.41.108,80,90909.09091,15151.51515,BENIGN
05/07/2017 08:47,192.168.10.9,13848,66.235.155.62,80,119.3565738,0.942288741,BENIGN
05/07/2017 08:47,192.168.10.9,13848,66.235.155.62,80,121212.1212,20202.0202,BENIGN
05/07/2017 08:45,192.168.10.17,123,91.189.89.199,123,2.861450405,0.05961355,BENIGN
05/07/2017 08:45,192.168.10.5,123,192.168.10.3,123,5.998487163,0.124968483,BENIGN
05/07/2017 08:45,192.168.10.14,49524,104.88.7.7,443,65163.96997,144.5518411,BENIGN
05/07/2017 08:45,192.168.10.14,49518,104.97.95.20,443,34647.8628,92.85859377,BENIGN
05/07/2017 08:47,192.168.10.14,49518,104.97.95.20,443,1822.497245,127.1509706,BENIGN
05/07/2017 08:47,192.168.10.14,49524,104.88.7.7,443,1788.536727,124.7816321,BENIGN
05/07/2017 08:47,192.168.10.9,13878,192.243.250.16,80,227.0712065,0.622283383,BENIGN
05/07/2017 08:47,192.243.250.16,80,192.168.10.9,13878,4000000,666666.6667,BENIGN
05/07/2017 08:45,192.168.10.12,5353,224.0.0.251,5353,54.01222215,0.911598686,BENIGN
05/07/2017 08:47,192.168.10.8,49197,192.168.10.3,445,910.3829172,3.973893686,BENIGN
05/07/2017 08:47,192.168.10.3,445,192.168.10.8,49197,1200000,200000,BENIGN
05/07/2017 08:47,192.168.10.9,13879,192.243.250.16,80,412.0518307,0.878700236,BENIGN
05/07/2017 08:47,192.168.10.9,13879,192.243.250.16,80,253521.1268,42253.52113,BENIGN
05/07/2017 08:47,192.168.10.9,13984,107.22.220.154,443,394.608098,1.114712141,BENIGN
05/07/2017 08:47,192.168.10.9,13984,107.22.220.154,443,65934.06593,10989.01099,BENIGN
05/07/2017 08:45,192.168.10.17,123,144.217.148.73,123,2.908195846,0.060587413,BENIGN
05/07/2017 08:45,192.168.10.17,123,159.203.8.72,123,2.908100084,0.060585418,BENIGN
05/07/2017 08:45,192.168.10.17,123,208.81.1.244,123,2.780882251,0.057935047,BENIGN
05/07/2017 08:45,192.168.10.17,123,206.108.0.132,123,2.864428309,0.05967559,BENIGN
05/07/2017 08:45,192.168.10.15,123,192.168.10.3,123,5.998466923,0.124968061,BENIGN
05/07/2017 08:47,192.168.10.16,54784,91.189.95.83,80,194.9664742,3.569180307,BENIGN
05/07/2017 08:47,192.168.10.16,53968,91.189.91.26,80,190928.2153,154.8748787,BENIGN
05/07/2017 08:47,192.168.10.16,37396,91.189.88.161,80,1049225.211,885.2124304,BENIGN
05/07/2017 08:45,192.168.10.17,123,206.108.0.134,123,2.907792315,0.060579007,BENIGN
05/07/2017 08:45,192.168.10.17,123,128.100.100.128,123,2.908075947,0.060584916,BENIGN
05/07/2017 08:45,192.168.10.17,123,192.168.10.3,123,5.647057246,0.117647026,BENIGN
05/07/2017 08:47,192.168.10.16,58672,52.216.16.59,443,3546.70539,5.921819443,BENIGN
05/07/2017 08:45,192.168.10.12,123,204.9.54.119,123,2517.570544,52.44938634,BENIGN
05/07/2017 08:45,192.168.10.17,123,99.224.25.39,123,2.779360268,0.057903339,BENIGN
05/07/2017 08:46,192.168.10.5,49228,52.11.17.245,443,66.73417419,0.428416921,BENIGN
05/07/2017 08:46,192.168.10.14,49545,40.83.143.209,443,275.2653214,0.327495966,BENIGN
05/07/2017 08:46,192.168.10.5,49230,52.38.199.186,443,67.69375013,0.442442811,BENIGN
05/07/2017 08:45,192.168.10.12,123,38.126.113.10,123,1092.423587,22.75882473,BENIGN
05/07/2017 08:47,192.168.10.5,49261,72.21.91.29,80,2.363736966,0.787912322,BENIGN
05/07/2017 08:47,192.168.10.5,49260,52.40.81.184,443,660.5712207,2.31238467,BENIGN
05/07/2017 08:47,192.168.10.5,49259,52.40.81.184,443,659.7388951,2.694382885,BENIGN
05/07/2017 08:47,52.40.81.184,443,192.168.10.5,49259,208737.8641,14563.1068,BENIGN
05/07/2017 08:47,52.40.81.184,443,192.168.10.5,49260,12300000,666666.6667,BENIGN
05/07/2017 08:47,192.168.10.12,41922,172.217.11.40,443,95589.84569,199.1040319,BENIGN
05/07/2017 08:47,172.217.11.40,443,192.168.10.12,41922,0,2000000,BENIGN
05/07/2017 08:45,192.168.10.19,123,91.189.89.199,123,2.995597128,0.062408273,BENIGN
05/07/2017 08:46,192.168.10.5,49216,184.84.243.207,80,627.3473908,0.589069871,BENIGN
05/07/2017 08:46,192.168.10.5,49209,23.194.181.149,80,194.2439813,0.311738054,BENIGN
05/07/2017 08:46,192.168.10.5,49188,23.15.4.16,80,467.503619,0.653758455,BENIGN
05/07/2017 08:46,192.168.10.5,49212,40.87.63.92,80,192.1848744,0.299241521,BENIGN
05/07/2017 08:47,192.168.10.5,49212,40.87.63.92,80,1090909.091,181818.1818,BENIGN
05/07/2017 08:46,192.168.10.5,49248,52.36.207.192,443,205.2766562,0.572986918,BENIGN
05/07/2017 08:42,192.168.10.17,137,192.168.10.255,137,3865.177813,57.56647807,BENIGN
05/07/2017 08:42,192.168.10.50,137,192.168.10.17,137,41300000,666666.6667,BENIGN
05/07/2017 08:47,192.168.10.8,49188,192.168.10.3,135,70.61656665,0.700164259,BENIGN
05/07/2017 08:47,192.168.10.8,49193,192.168.10.3,49671,151.8566105,0.56712706,BENIGN
05/07/2017 08:47,192.168.10.8,49188,192.168.10.3,135,394736.8421,65789.47368,BENIGN
05/07/2017 08:47,192.168.10.8,49193,192.168.10.3,49671,126315.7895,21052.63158,BENIGN
05/07/2017 08:43,192.168.10.3,62038,192.168.10.1,53,2967.083913,37.08854891,BENIGN
05/07/2017 08:47,192.168.10.12,59970,172.217.10.78,443,17802.1249,99.16665812,BENIGN
05/07/2017 08:47,172.217.10.78,443,192.168.10.12,59970,0,1000000,BENIGN
05/07/2017 08:47,192.168.10.12,59632,151.101.46.109,443,80222.18062,187.2308556,BENIGN
05/07/2017 08:47,151.101.46.109,443,192.168.10.12,59632,119310.7932,2275.682705,BENIGN
05/07/2017 08:47,192.168.10.12,59634,151.101.46.109,443,158815.5318,299.2808708,BENIGN
05/07/2017 08:47,192.168.10.12,59632,151.101.46.109,443,261.6241043,58.13868984,BENIGN
05/07/2017 08:47,192.168.10.12,57328,173.194.204.157,443,28353.98338,103.5039118,BENIGN
05/07/2017 08:47,192.168.10.8,49202,192.168.10.50,22,4989.940962,43.69025358,BENIGN
05/07/2017 08:47,192.168.10.8,49202,192.168.10.50,22,93264.2487,15544.04145,BENIGN
05/07/2017 08:47,173.194.204.157,443,192.168.10.12,57328,437.9547513,39.8140683,BENIGN
05/07/2017 08:45,192.168.10.17,123,198.55.111.50,123,2.778594834,0.057887392,BENIGN
05/07/2017 08:45,192.168.10.14,123,192.168.10.3,123,5.999036873,0.124979935,BENIGN
05/07/2017 08:47,192.168.10.8,49216,192.168.10.50,22,5993.393501,47.79928887,BENIGN
05/07/2017 08:48,192.168.10.8,49216,192.168.10.50,22,93264.2487,15544.04145,BENIGN
05/07/2017 08:47,192.168.10.12,45542,172.217.11.46,80,0,0.782312998,BENIGN
05/07/2017 08:47,192.168.10.12,37102,23.194.181.110,443,1296.847147,3.438392788,BENIGN
05/07/2017 08:48,23.194.181.110,443,192.168.10.12,37102,149193.5484,12096.77419,BENIGN
05/07/2017 08:47,192.168.10.12,46834,72.21.91.29,80,0,0.708765318,BENIGN
05/07/2017 08:47,192.168.10.12,51064,23.21.173.157,443,768.5027827,2.078438898,BENIGN
05/07/2017 08:48,23.21.173.157,443,192.168.10.12,51064,10300000,666666.6667,BENIGN
05/07/2017 08:47,192.168.10.5,49250,54.69.100.200,443,72.61747333,0.430276733,BENIGN
05/07/2017 08:45,192.168.10.16,123,66.228.59.187,123,2.907080003,0.060564167,BENIGN
05/07/2017 08:45,192.168.10.19,123,204.9.54.119,123,2.822034688,0.058792389,BENIGN
05/07/2017 08:45,192.168.10.19,123,99.224.25.39,123,2.906189827,0.060545621,BENIGN
05/07/2017 08:47,192.168.10.8,49208,184.84.243.199,80,2.295510212,1.147755106,BENIGN
05/07/2017 08:47,192.168.10.8,49206,52.36.90.35,443,638.8091938,2.246691186,BENIGN
05/07/2017 08:48,52.36.90.35,443,192.168.10.8,49206,18500000,1000000,BENIGN
05/07/2017 08:47,192.168.10.12,37692,209.197.3.14,443,1292.028848,3.34915312,BENIGN
05/07/2017 08:47,192.168.10.12,37696,209.197.3.14,443,1291.998799,3.349075227,BENIGN
05/07/2017 08:47,192.168.10.12,37694,209.197.3.14,443,1291.972116,3.349006062,BENIGN
05/07/2017 08:45,192.168.10.17,123,45.79.109.111,123,2.905370802,0.060528558,BENIGN
05/07/2017 08:46,192.168.10.17,123,209.133.217.165,123,3.093256114,0.064442836,BENIGN
05/07/2017 08:45,192.168.10.16,123,45.79.109.111,123,2.820031536,0.058750657,BENIGN
05/07/2017 08:45,192.168.10.19,123,192.168.10.3,123,5.818169565,0.121211866,BENIGN
05/07/2017 08:45,192.168.10.16,123,192.154.108.74,123,2.862744891,0.059640519,BENIGN
05/07/2017 08:45,192.168.10.16,123,104.131.53.252,123,2.781514311,0.057948215,BENIGN
05/07/2017 08:45,192.168.10.19,123,173.255.246.13,123,2.905392081,0.060529002,BENIGN
05/07/2017 08:45,192.168.10.17,123,104.131.53.252,123,2.781629562,0.057950616,BENIGN
05/07/2017 08:45,192.168.10.16,123,192.168.10.3,123,5.731338835,0.119402892,BENIGN
05/07/2017 08:47,192.168.10.12,37700,209.197.3.14,443,6353.557486,7.129816228,BENIGN
05/07/2017 08:48,192.168.10.12,37700,209.197.3.14,443,0,21276.59574,BENIGN
05/07/2017 08:47,192.168.10.12,37698,209.197.3.14,443,11869.34072,10.09912289,BENIGN
05/07/2017 08:47,192.168.10.14,49529,72.21.91.29,80,0.78984888,0.241342713,BENIGN
05/07/2017 08:45,192.168.10.16,123,206.108.0.134,123,2.864703329,0.059681319,BENIGN
05/07/2017 08:47,192.168.10.14,49530,72.21.91.29,80,0.803063007,0.245380363,BENIGN
05/07/2017 08:47,192.168.10.14,49522,184.84.243.199,80,0.759103371,0.234960567,BENIGN
05/07/2017 08:48,192.168.10.14,49522,184.84.243.199,80,115384.6154,19230.76923,BENIGN
05/07/2017 08:48,192.168.10.8,49223,52.84.145.30,443,705.3122203,2.40077099,BENIGN
05/07/2017 08:46,192.168.10.5,49208,104.88.60.48,80,15.75332797,0.068085696,BENIGN
05/07/2017 08:46,192.168.10.5,49207,23.15.4.9,80,5.9661807,0.067893948,BENIGN
05/07/2017 08:46,192.168.10.5,49206,23.217.41.219,80,44.05047217,0.118574622,BENIGN
05/07/2017 08:46,192.168.10.5,49205,23.194.141.101,80,4.668306189,0.067656611,BENIGN
05/07/2017 08:46,192.168.10.5,49204,23.208.104.165,80,4.108988005,0.067085518,BENIGN
05/07/2017 08:45,192.168.10.14,49539,172.217.12.174,443,808.2542098,0.955193383,BENIGN
05/07/2017 08:46,192.168.10.19,123,66.228.59.187,123,2.821632735,0.058784015,BENIGN
05/07/2017 08:48,192.168.10.14,49539,172.217.12.174,443,43.0595192,1.427387377,BENIGN
05/07/2017 08:48,172.217.12.174,443,192.168.10.14,49539,4000000,666666.6667,BENIGN
05/07/2017 08:47,192.168.10.5,49253,52.20.181.69,80,17.64346583,0.328250527,BENIGN
05/07/2017 08:48,192.168.10.5,49253,52.20.181.69,80,12000000,2000000,BENIGN
05/07/2017 08:47,192.168.10.14,49541,172.217.11.46,443,4.393682106,0.141731681,BENIGN
05/07/2017 08:48,172.217.11.46,443,192.168.10.14,49541,4000000,666666.6667,BENIGN
05/07/2017 08:46,192.168.10.3,55340,104.40.17.139,443,70.13090027,0.193464552,BENIGN
05/07/2017 08:47,192.168.10.9,13915,52.55.139.128,80,26.81513841,0.332487767,BENIGN
05/07/2017 08:48,192.168.10.9,13915,52.55.139.128,80,235294.1176,39215.68627,BENIGN
05/07/2017 08:47,192.168.10.9,13919,204.13.194.231,80,23.19227345,0.314079256,BENIGN
05/07/2017 08:47,192.168.10.9,13916,204.13.194.231,80,23.14052073,0.314049924,BENIGN
05/07/2017 08:47,192.168.10.9,13909,204.13.194.231,80,67.20455156,0.379314033,BENIGN
05/07/2017 08:43,192.168.10.12,37082,192.168.10.50,139,20799.14694,136.2518883,BENIGN
05/07/2017 08:47,192.168.10.9,13971,52.9.197.149,80,33.69188469,0.331939751,BENIGN
05/07/2017 08:48,192.168.10.9,13971,52.9.197.149,80,113207.5472,18867.92453,BENIGN
05/07/2017 08:47,192.168.10.9,13948,52.9.83.130,80,11.38547503,0.360403526,BENIGN
05/07/2017 08:48,192.168.10.9,13948,52.9.83.130,80,98360.65574,16393.44262,BENIGN
05/07/2017 08:47,192.168.10.9,13833,52.20.233.27,80,105.3901371,0.391493823,BENIGN
05/07/2017 08:48,192.168.10.9,13833,52.20.233.27,80,109090.9091,18181.81818,BENIGN
05/07/2017 08:47,192.168.10.9,13939,34.196.254.146,80,201.4802478,0.519237169,BENIGN
05/07/2017 08:48,192.168.10.9,13939,34.196.254.146,80,79470.19868,13245.03311,BENIGN
05/07/2017 08:47,192.168.10.9,13940,50.19.105.166,443,270.3119212,0.678607334,BENIGN
05/07/2017 08:47,192.168.10.9,13987,50.19.105.166,80,37.65479988,0.332492714,BENIGN
05/07/2017 08:47,192.168.10.9,13986,50.19.105.166,80,182.8767381,0.447698969,BENIGN
05/07/2017 08:48,192.168.10.9,13986,50.19.105.166,80,50420.16807,8403.361345,BENIGN
05/07/2017 08:48,192.168.10.9,13987,50.19.105.166,80,20979.02098,3496.503497,BENIGN
05/07/2017 08:47,192.168.10.9,13983,52.204.134.195,80,13.05981466,0.328136047,BENIGN
05/07/2017 08:48,192.168.10.9,13983,52.204.134.195,80,324324.3243,54054.05405,BENIGN
05/07/2017 08:47,192.168.10.9,13943,66.170.124.245,443,74.11465121,0.458441141,BENIGN
05/07/2017 08:48,192.168.10.9,13943,66.170.124.245,443,377906.9767,17441.86047,BENIGN
05/07/2017 08:47,192.168.10.3,55341,65.55.44.109,443,234.1820716,0.347721382,BENIGN
05/07/2017 08:47,192.168.10.12,37690,209.197.3.14,443,19911.02962,17.69313621,BENIGN
05/07/2017 08:48,192.168.10.9,14022,52.38.5.243,443,658.3121063,2.506753773,BENIGN
05/07/2017 08:48,52.38.5.243,443,192.168.10.9,14022,9250000,500000,BENIGN
05/07/2017 08:46,192.168.10.5,49220,13.82.187.188,443,87.27583604,0.163915385,BENIGN
05/07/2017 08:48,192.168.10.9,14024,52.84.145.148,443,741.548835,2.166687611,BENIGN
05/07/2017 08:48,192.168.10.9,14025,52.84.145.148,443,741.5707939,2.166751772,BENIGN
05/07/2017 08:48,192.168.10.9,14026,52.84.145.148,443,741.5927542,2.527951926,BENIGN
05/07/2017 08:48,192.168.10.9,14027,52.84.145.148,443,741.6165905,2.347459381,BENIGN
05/07/2017 08:48,192.168.10.9,14029,52.84.145.148,443,741.6595802,2.347595457,BENIGN
05/07/2017 08:48,192.168.10.9,14028,52.84.145.148,443,788.1750272,2.889072265,BENIGN
05/07/2017 08:45,192.168.10.12,138,192.168.10.255,138,133000000,571428.5714,BENIGN
05/07/2017 08:45,192.168.10.19,138,192.168.10.255,138,176000000,750000,BENIGN
05/07/2017 08:43,192.168.10.16,138,192.168.10.255,138,48.19197279,0.206832501,BENIGN
05/07/2017 08:44,192.168.10.25,138,192.168.10.255,138,93.85668526,0.434521691,BENIGN
05/07/2017 08:45,192.168.10.25,49157,192.168.10.3,3268,278.3523285,1.628337267,BENIGN
05/07/2017 08:48,192.168.10.25,49163,192.168.10.3,3268,0,4651.162791,BENIGN
05/07/2017 08:46,192.168.10.16,5353,224.0.0.251,5353,200.2201861,5.047567717,BENIGN
05/07/2017 08:47,192.168.10.14,49550,50.112.45.104,443,183.2417935,0.506102601,BENIGN
05/07/2017 08:45,192.168.10.12,123,91.189.89.199,123,2.949356507,0.061444927,BENIGN
05/07/2017 08:45,192.168.10.25,49155,192.168.10.3,389,3053.413377,6.399843001,BENIGN
05/07/2017 08:48,192.168.10.25,49170,178.172.160.4,443,28333.1553,44.89462921,BENIGN
05/07/2017 08:48,192.168.10.25,49170,178.172.160.4,443,15592.07754,1685.630004,BENIGN
05/07/2017 08:46,192.168.10.5,49243,172.217.11.46,80,21.17185419,0.284707086,BENIGN
05/07/2017 08:48,192.168.10.5,49243,172.217.11.46,80,375000,62500,BENIGN
05/07/2017 08:46,8.6.0.1,0,8.0.6.4,0,0,1.093132498,BENIGN
05/07/2017 08:47,192.168.10.5,49257,52.40.81.184,443,131.8396573,0.429660453,BENIGN
05/07/2017 08:47,192.168.10.5,49258,52.40.81.184,443,135.7322203,0.446324436,BENIGN
05/07/2017 08:47,192.168.10.5,49256,52.40.81.184,443,132.8796808,0.446126757,BENIGN
05/07/2017 08:48,192.168.10.15,49460,23.103.189.157,443,20543.2349,11.8591162,BENIGN
05/07/2017 08:48,192.168.10.15,49461,131.253.61.80,443,95461.67865,118.119537,BENIGN
05/07/2017 08:48,192.168.10.15,49461,131.253.61.80,443,1936170.213,42553.19149,BENIGN
05/07/2017 08:48,192.168.10.15,49462,192.168.10.3,88,1411764.706,19031.14187,BENIGN
05/07/2017 08:48,192.168.10.15,49463,192.168.10.3,88,4611612.903,16774.19355,BENIGN
05/07/2017 08:48,192.168.10.15,49464,192.168.10.3,88,6060344.828,11853.44828,BENIGN
05/07/2017 08:48,192.168.10.3,88,192.168.10.15,49464,923076.9231,153846.1538,BENIGN
05/07/2017 08:48,192.168.10.3,88,192.168.10.15,49465,1814254.86,23758.09935,BENIGN
05/07/2017 08:48,192.168.10.3,88,192.168.10.15,49465,923076.9231,153846.1538,BENIGN
05/07/2017 08:48,192.168.10.3,88,192.168.10.15,49466,4338942.308,20432.69231,BENIGN
05/07/2017 08:48,192.168.10.15,49471,192.168.10.3,88,6208835.341,17068.27309,BENIGN
05/07/2017 08:47,192.168.10.5,49252,52.35.101.212,443,72.81082245,0.380468615,BENIGN
05/07/2017 08:48,192.168.10.5,49252,52.35.101.212,443,1500000,250000,BENIGN
05/07/2017 08:46,192.168.10.5,49232,172.217.11.46,80,50.14012868,0.350455218,BENIGN
05/07/2017 08:46,192.168.10.19,123,209.133.217.165,123,3.093442008,0.064446708,BENIGN
05/07/2017 08:46,192.168.10.16,34938,192.168.10.3,3268,320.1210233,1.709660749,BENIGN
05/07/2017 08:46,192.168.10.16,53856,192.168.10.3,389,331.9594369,1.374769535,BENIGN
05/07/2017 08:46,192.168.10.16,0,192.168.10.3,0,0,41666.66667,BENIGN
05/07/2017 08:48,192.168.10.16,42456,192.168.10.3,88,5485964.912,13157.89474,BENIGN
05/07/2017 08:46,192.168.10.5,49227,216.58.219.195,443,3329.399126,4.159219115,BENIGN
05/07/2017 08:45,192.168.10.12,123,209.133.217.165,123,2.906116983,0.060544104,BENIGN
05/07/2017 08:46,192.168.10.5,49245,172.217.11.46,443,53127.6573,50.14999532,BENIGN
05/07/2017 08:45,192.168.10.12,123,208.81.1.244,123,2.863833232,0.059663192,BENIGN
05/07/2017 08:48,192.168.10.15,49477,64.4.54.36,443,15031.15907,28.52813825,BENIGN
05/07/2017 08:47,192.168.10.12,51062,23.21.173.157,443,97.04154562,0.463521542,BENIGN
05/07/2017 08:45,192.168.10.12,123,66.228.59.187,123,2.821613702,0.058783619,BENIGN
05/07/2017 08:45,192.168.10.12,123,104.131.53.252,123,2.908026263,0.06058388,BENIGN
05/07/2017 08:46,192.168.10.50,53580,192.168.10.3,3268,52.21208879,0.268029203,BENIGN
05/07/2017 08:46,192.168.10.50,54594,192.168.10.3,389,154.6337649,0.624818953,BENIGN
05/07/2017 08:48,192.168.10.9,14031,192.168.10.50,56654,520785.2194,563.2850786,BENIGN
05/07/2017 08:48,192.168.10.9,14031,192.168.10.50,56654,207000000,200000,BENIGN
05/07/2017 08:48,192.168.10.50,56654,192.168.10.9,14031,3600000,600000,BENIGN
05/07/2017 08:48,192.168.10.9,14031,192.168.10.50,56654,257142.8571,42857.14286,BENIGN
05/07/2017 08:48,192.168.10.9,14030,192.168.10.50,21,4313.352363,272.7561053,BENIGN
05/07/2017 08:48,192.168.10.50,21,192.168.10.9,14030,452830.1887,75471.69811,BENIGN
05/07/2017 08:48,192.168.10.15,49468,23.103.189.157,443,25213.30256,16.05122917,BENIGN
05/07/2017 08:47,192.168.10.5,49251,72.21.91.29,80,11.38801399,0.258622574,BENIGN
05/07/2017 08:45,192.168.10.12,123,192.154.108.74,123,2.862737677,0.059640368,BENIGN
05/07/2017 08:47,192.168.10.8,49203,52.38.199.186,443,67.75756177,0.427077965,BENIGN
05/07/2017 08:48,192.168.10.8,49203,52.38.199.186,443,272727.2727,45454.54545,BENIGN
05/07/2017 08:46,192.168.10.14,49429,192.168.10.3,445,0.666435199,0.222145066,BENIGN
05/07/2017 08:47,192.168.10.8,49205,52.36.90.35,443,65.97982002,0.443148045,BENIGN
05/07/2017 08:45,192.168.10.12,123,173.255.246.13,123,2.905509736,0.060531453,BENIGN
05/07/2017 08:45,192.168.10.12,123,192.168.10.3,123,5.56520618,0.115941795,BENIGN
05/07/2017 08:45,192.168.10.12,123,138.236.128.36,123,2.863882271,0.059664214,BENIGN
05/07/2017 08:46,192.168.10.5,49235,72.21.91.29,80,53.15560773,0.339489751,BENIGN
05/07/2017 08:46,192.168.10.5,49234,72.21.91.29,80,53.08676549,0.339375199,BENIGN
05/07/2017 08:47,192.168.10.15,49419,192.168.10.3,445,0.666620507,0.222206836,BENIGN
05/07/2017 08:46,192.168.10.5,49226,184.84.243.199,80,12.09779419,0.292419058,BENIGN
05/07/2017 08:46,192.168.10.17,138,192.168.10.255,138,113000000,480000,BENIGN
05/07/2017 08:45,192.168.10.12,123,99.224.25.39,123,2.820530027,0.058761042,BENIGN
05/07/2017 08:45,192.168.10.12,123,45.79.109.111,123,2.905520509,0.060531677,BENIGN
05/07/2017 08:48,192.168.10.15,49480,204.79.197.229,443,463266.6361,546.6707979,BENIGN
05/07/2017 08:45,192.168.10.12,123,4.53.160.75,123,2.821835356,0.058788237,BENIGN
05/07/2017 08:45,192.168.10.12,123,198.55.111.50,123,2.904914346,0.060519049,BENIGN
05/07/2017 08:48,192.168.10.15,49481,23.103.189.157,443,30010.68829,18.55211004,BENIGN
05/07/2017 08:49,192.168.10.15,49484,23.194.182.93,80,37515.04337,186.745238,BENIGN
05/07/2017 08:49,192.168.10.15,49484,23.194.182.93,80,3000000,500000,BENIGN
05/07/2017 08:46,192.168.10.3,62392,192.168.10.1,53,813.3881257,12.14012128,BENIGN
05/07/2017 08:49,192.168.10.15,49487,23.194.182.93,80,42766.90484,172.5863795,BENIGN
05/07/2017 08:49,192.168.10.15,49487,23.194.182.93,80,3000000,500000,BENIGN
05/07/2017 08:49,192.168.10.15,49488,23.194.182.93,80,38126.5684,231.9647414,BENIGN
05/07/2017 08:49,192.168.10.15,49489,23.194.182.93,80,46133.17408,223.947447,BENIGN
05/07/2017 08:49,192.168.10.15,49489,23.194.182.93,80,3000000,500000,BENIGN
05/07/2017 08:48,192.168.10.8,49221,52.35.5.132,443,72.61870621,0.413923314,BENIGN
05/07/2017 08:48,192.168.10.8,49220,52.36.207.192,443,199.4809698,0.526419193,BENIGN
05/07/2017 08:48,192.168.10.15,49469,192.168.10.3,135,145.3002869,1.440654403,BENIGN
05/07/2017 08:48,192.168.10.15,49472,192.168.10.3,49671,313.892628,1.168164334,BENIGN
05/07/2017 08:49,192.168.10.15,49469,192.168.10.3,135,363636.3636,60606.06061,BENIGN
05/07/2017 08:49,192.168.10.15,49472,192.168.10.3,49671,510638.2979,85106.38298,BENIGN
05/07/2017 08:47,192.168.10.3,60984,192.168.10.1,53,7308.113178,78.16163827,BENIGN
05/07/2017 08:49,192.168.10.12,36342,52.38.5.243,443,649.5521893,2.688861812,BENIGN
05/07/2017 08:49,52.38.5.243,443,192.168.10.12,36342,7750000,500000,BENIGN
05/07/2017 08:49,192.168.10.12,46864,52.84.145.166,443,723.3494432,2.129063851,BENIGN
05/07/2017 08:49,192.168.10.12,46860,52.84.145.166,443,723.291824,2.483709967,BENIGN
05/07/2017 08:49,192.168.10.12,46862,52.84.145.166,443,723.2770678,2.661063531,BENIGN
05/07/2017 08:49,192.168.10.12,46866,52.84.145.166,443,723.2762979,2.838464745,BENIGN
05/07/2017 08:49,192.168.10.12,46868,52.84.145.166,443,723.2507647,2.660966758,BENIGN
05/07/2017 08:49,192.168.10.12,46870,52.84.145.166,443,723.3807591,2.66144503,BENIGN
05/07/2017 08:47,192.168.10.16,123,38.126.113.10,123,2.905207659,0.06052516,BENIGN
05/07/2017 08:49,192.168.10.16,42458,192.168.10.3,88,5654611.212,13562.38698,BENIGN
05/07/2017 08:47,192.168.10.16,123,159.203.8.72,123,2.864714571,0.059681554,BENIGN
05/07/2017 08:47,192.168.10.19,123,4.53.160.75,123,2.907302742,0.060568807,BENIGN
05/07/2017 08:47,192.168.10.25,123,17.253.14.253,123,3.04656571,0.063470119,BENIGN
05/07/2017 08:48,192.168.10.25,49167,172.217.3.110,80,46.97619991,0.330818309,BENIGN
05/07/2017 08:48,192.168.10.25,49169,172.217.3.110,443,603.1500607,1.200033281,BENIGN
05/07/2017 08:48,192.168.10.25,49166,80.247.66.26,443,1449.538164,1.58773748,BENIGN
05/07/2017 08:48,192.168.10.25,49168,192.124.249.5,443,161.6200529,0.629258403,BENIGN
05/07/2017 08:49,172.217.3.110,443,192.168.10.25,49169,0,19607.84314,BENIGN
05/07/2017 08:49,80.247.66.26,443,192.168.10.25,49166,7400000,600000,BENIGN
05/07/2017 08:49,80.247.66.26,443,192.168.10.25,49166,0,9852.216749,BENIGN
05/07/2017 08:47,192.168.10.14,49533,13.107.4.50,80,4872786.812,3894.627175,BENIGN
05/07/2017 08:47,192.168.10.19,123,91.189.91.157,123,2.952143358,0.061502987,BENIGN
05/07/2017 08:49,192.168.10.16,33408,192.168.10.50,33949,121276.2561,124.1494286,BENIGN
05/07/2017 08:49,192.168.10.50,33949,192.168.10.16,33408,0,45454.54545,BENIGN
05/07/2017 08:49,192.168.10.50,33949,192.168.10.16,33408,0,74074.07407,BENIGN
05/07/2017 08:49,192.168.10.16,52284,192.168.10.50,21,1448.491547,115.2209185,BENIGN
05/07/2017 08:49,192.168.10.50,21,192.168.10.16,52284,0,21739.13043,BENIGN
05/07/2017 08:47,192.168.10.5,49254,23.15.4.18,80,91340.51142,65.17958723,BENIGN
05/07/2017 08:47,192.168.10.19,123,91.189.89.198,123,2.995594791,0.062408225,BENIGN
05/07/2017 08:47,192.168.10.9,13843,23.61.187.27,80,21.52706385,0.260093401,BENIGN
05/07/2017 08:47,192.168.10.9,13844,23.61.187.27,80,21.52707019,0.268763261,BENIGN
05/07/2017 08:47,192.168.10.9,13839,72.247.66.99,80,218.084541,0.433257591,BENIGN
05/07/2017 08:47,192.168.10.9,13838,72.247.66.99,80,184.3419766,0.398595982,BENIGN
05/07/2017 08:47,192.168.10.9,13830,23.208.162.59,80,332.5388221,0.518956728,BENIGN
05/07/2017 08:47,192.168.10.9,13831,23.208.162.59,80,74.40118957,0.311374427,BENIGN
05/07/2017 08:47,192.168.10.9,13832,23.208.162.59,80,11.21813896,0.259478927,BENIGN
05/07/2017 08:47,192.168.10.9,13828,23.208.162.59,80,13.97718437,0.259477433,BENIGN
05/07/2017 08:47,192.168.10.9,13829,23.208.162.59,80,258.7511756,0.44976137,BENIGN
05/07/2017 08:47,192.168.10.9,13825,23.208.162.59,80,36.02393806,0.285423759,BENIGN
05/07/2017 08:47,192.168.10.9,13826,23.208.162.59,80,386.861894,0.562198692,BENIGN
05/07/2017 08:49,192.168.10.16,43132,192.168.10.50,22,4437.773583,41.98766854,BENIGN
05/07/2017 08:49,192.168.10.16,43132,192.168.10.50,22,0,10050.25126,BENIGN
05/07/2017 08:47,192.168.10.9,13882,72.21.91.188,80,49.90418145,0.278066134,BENIGN
05/07/2017 08:47,192.168.10.9,13880,23.199.170.43,80,40.66194732,0.277971013,BENIGN
05/07/2017 08:47,192.168.10.9,13871,72.247.66.99,80,164.8744792,0.398624306,BENIGN
05/07/2017 08:47,192.168.10.9,13869,72.247.66.99,80,855.9921477,0.952516729,BENIGN
05/07/2017 08:47,192.168.10.9,13868,72.247.66.99,80,778.0826537,0.865835034,BENIGN
05/07/2017 08:47,192.168.10.9,13862,23.66.120.199,80,31.62914771,0.259397056,BENIGN
05/07/2017 08:47,192.168.10.9,13861,23.66.120.199,80,32.14773334,0.259395374,BENIGN
05/07/2017 08:47,192.168.10.9,13847,72.247.66.99,80,1613.799293,1.506566214,BENIGN
05/07/2017 08:47,192.168.10.9,13823,23.66.120.199,80,747.2322292,0.872545104,BENIGN
05/07/2017 08:47,192.168.10.16,123,158.69.223.100,123,2.90834254,0.06059047,BENIGN
05/07/2017 08:47,192.168.10.19,123,208.81.1.244,123,2.780888092,0.057935169,BENIGN
05/07/2017 08:47,192.168.10.9,13899,52.45.19.242,80,20.27676349,0.276344306,BENIGN
05/07/2017 08:47,192.168.10.9,13897,52.84.145.69,80,42.03862119,0.267651932,BENIGN
05/07/2017 08:47,192.168.10.9,13900,52.45.19.242,80,117.2826063,0.371338787,BENIGN
05/07/2017 08:47,192.168.10.9,13898,172.217.7.6,80,17.83770464,0.267651909,BENIGN
05/07/2017 08:47,192.168.10.9,13895,172.217.7.6,80,13.81383086,0.267642973,BENIGN
05/07/2017 08:47,192.168.10.9,13893,93.184.216.180,80,34.15961591,0.276246578,BENIGN
05/07/2017 08:47,192.168.10.9,13894,93.184.216.180,80,16.18638134,0.267614838,BENIGN
05/07/2017 08:47,192.168.10.9,13890,93.184.216.180,80,16.59665705,0.267548814,BENIGN
05/07/2017 08:47,192.168.10.9,13892,23.61.187.27,80,19.79864177,0.258918593,BENIGN
05/07/2017 08:47,192.168.10.9,13887,23.208.163.226,443,78.39246654,0.353546489,BENIGN
05/07/2017 08:47,192.168.10.9,13889,93.184.216.180,80,29.14542666,0.267547594,BENIGN
05/07/2017 08:47,192.168.10.9,13921,151.101.0.84,443,51.51483256,0.320290507,BENIGN
05/07/2017 08:47,192.168.10.9,13934,23.199.206.254,80,329.495272,0.511894595,BENIGN
05/07/2017 08:47,192.168.10.9,13929,23.217.41.40,80,129.5239062,0.355501416,BENIGN
05/07/2017 08:47,192.168.10.9,13874,93.184.216.180,80,67.97024546,0.317939201,BENIGN
05/07/2017 08:47,192.168.10.9,13937,23.199.206.254,80,310.8333006,0.50321921,BENIGN
05/07/2017 08:47,192.168.10.9,13936,23.199.206.254,80,119.5665221,0.347047448,BENIGN
05/07/2017 08:47,192.168.10.9,13925,172.217.7.6,80,18.04336144,0.277057373,BENIGN
05/07/2017 08:47,192.168.10.9,13928,199.59.148.12,80,9.934733827,0.268740618,BENIGN
05/07/2017 08:47,192.168.10.9,13938,23.199.206.254,80,343.039202,0.529247593,BENIGN
05/07/2017 08:47,192.168.10.9,13914,23.217.41.40,80,229.2723699,0.458458238,BENIGN
05/07/2017 08:47,192.168.10.9,13935,23.199.206.254,80,551.136377,0.720122149,BENIGN
05/07/2017 08:47,192.168.10.9,13930,23.217.41.40,80,177.4642773,0.398854583,BENIGN
05/07/2017 08:47,192.168.10.9,13911,23.15.4.9,80,108.2993291,0.337219468,BENIGN
05/07/2017 08:47,192.168.10.9,13912,52.84.136.209,80,454.313425,0.674440393,BENIGN
05/07/2017 08:47,192.168.10.9,13902,172.217.11.2,80,24.02573174,0.276455741,BENIGN
05/07/2017 08:49,151.101.0.84,443,192.168.10.9,13921,228723.4043,15957.44681,BENIGN
05/07/2017 08:49,192.168.10.9,13914,23.217.41.40,80,230769.2308,38461.53846,BENIGN
05/07/2017 08:49,192.168.10.16,43134,192.168.10.50,22,7063.991676,58.09948291,BENIGN
05/07/2017 08:49,192.168.10.16,43134,192.168.10.50,22,0,12121.21212,BENIGN
05/07/2017 08:47,192.168.10.5,49163,192.168.10.3,445,0.666262016,0.222087339,BENIGN
05/07/2017 08:47,192.168.10.9,13907,69.43.132.198,80,41.73365617,0.274112684,BENIGN
05/07/2017 08:47,192.168.10.9,13978,72.247.66.99,80,155.8110076,0.363700457,BENIGN
05/07/2017 08:47,192.168.10.9,13979,72.247.66.99,80,261.4141304,0.476274585,BENIGN
05/07/2017 08:47,192.168.10.9,13901,72.247.66.99,80,140.5711996,0.385337718,BENIGN
05/07/2017 08:47,192.168.10.9,13904,72.247.66.99,80,395.4166444,0.556731835,BENIGN
05/07/2017 08:47,192.168.10.9,13859,172.217.11.46,80,27.14191826,0.296864731,BENIGN
05/07/2017 08:47,192.168.10.9,13856,172.217.11.46,80,63.52038363,0.373200278,BENIGN
05/07/2017 08:47,192.168.10.9,13980,72.247.66.99,80,227.7024172,0.45029571,BENIGN
05/07/2017 08:47,192.168.10.9,13857,172.217.11.46,80,82.50270545,0.424091217,BENIGN
05/07/2017 08:47,192.168.10.9,13981,72.247.66.99,80,356.5218476,0.554210445,BENIGN
05/07/2017 08:47,192.168.10.9,13920,72.21.91.29,80,56.68735715,0.343247697,BENIGN
05/07/2017 08:47,192.168.10.9,13835,72.247.66.99,80,689.5701764,0.844254483,BENIGN
05/07/2017 08:47,192.168.10.9,13922,151.101.0.84,443,66.01522888,0.351829505,BENIGN
05/07/2017 08:47,192.168.10.9,13966,34.192.57.248,80,105.7012149,0.354267131,BENIGN
05/07/2017 08:47,192.168.10.9,13969,52.84.145.166,80,92.51911938,0.320285125,BENIGN
05/07/2017 08:47,192.168.10.9,13834,172.217.11.46,80,80.56676764,0.413292673,BENIGN
05/07/2017 08:47,192.168.10.9,13968,52.84.145.166,80,153.6796793,0.389456866,BENIGN
05/07/2017 08:47,192.168.10.9,13950,72.247.71.166,443,107.4042539,0.396548333,BENIGN
05/07/2017 08:47,192.168.10.9,13888,74.119.118.74,80,9.639756319,0.256603984,BENIGN
05/07/2017 08:47,192.168.10.9,13873,93.184.216.180,80,492.7739395,0.655941523,BENIGN
05/07/2017 08:47,192.168.10.9,13964,13.59.47.47,80,14.76923145,0.258957886,BENIGN
05/07/2017 08:47,192.168.10.9,13816,23.61.187.27,80,61.12843083,0.310680212,BENIGN
05/07/2017 08:49,151.101.0.84,443,192.168.10.9,13922,21500000,1500000,BENIGN
05/07/2017 08:49,74.119.118.74,80,192.168.10.9,13888,4000000,666666.6667,BENIGN
05/07/2017 08:49,72.247.71.166,443,192.168.10.9,13950,438775.5102,30612.2449,BENIGN
05/07/2017 08:49,192.168.10.9,13904,72.247.66.99,80,2400000,400000,BENIGN
05/07/2017 08:47,192.168.10.9,13958,23.15.4.8,80,28.66776599,0.290696106,BENIGN
05/07/2017 08:47,192.168.10.9,13959,23.15.4.8,80,28.66778364,0.290696285,BENIGN
05/07/2017 08:47,192.168.10.9,13993,52.84.145.118,443,140.3549916,0.389947189,BENIGN
05/07/2017 08:47,192.168.10.9,13923,52.84.145.118,80,1401.18503,1.480259829,BENIGN
05/07/2017 08:49,52.84.145.118,443,192.168.10.9,13993,12000000,2000000,BENIGN
05/07/2017 08:47,192.168.10.9,13836,72.247.66.99,443,10546.87398,9.87912324,BENIGN
05/07/2017 08:49,192.168.10.14,49553,40.77.228.69,443,30109.44364,63.34067784,BENIGN
05/07/2017 08:47,192.168.10.9,13815,23.66.120.199,443,318.5759735,0.631687847,BENIGN
05/07/2017 08:45,192.168.10.3,61452,192.168.10.1,53,5022.134593,37.20099699,BENIGN
05/07/2017 08:45,192.168.10.3,60605,192.168.10.1,53,6132.353906,65.58667279,BENIGN
05/07/2017 08:44,192.168.10.3,60881,192.168.10.1,53,1599.754278,25.59606844,BENIGN
05/07/2017 08:49,192.168.10.14,49556,40.77.226.219,443,17021.62246,34.48165453,BENIGN
05/07/2017 08:49,192.168.10.14,49556,40.77.226.219,443,1154761.905,35714.28571,BENIGN
05/07/2017 08:47,192.168.10.19,123,132.163.4.101,123,2.821005939,0.058770957,BENIGN
05/07/2017 08:47,192.168.10.19,123,128.100.100.128,123,2.781693881,0.057951956,BENIGN
05/07/2017 08:48,192.168.10.15,49470,192.168.10.3,49666,250.883501,1.012326785,BENIGN
05/07/2017 08:49,192.168.10.15,49470,192.168.10.3,49666,558139.5349,93023.25581,BENIGN
05/07/2017 08:49,192.168.10.16,45154,23.194.181.198,443,20871.18248,53.04406636,BENIGN
05/07/2017 08:49,23.194.181.198,443,192.168.10.16,45154,56363.63636,5454.545455,BENIGN
05/07/2017 08:47,192.168.10.8,49189,192.168.10.3,49666,69.56381601,0.293412095,BENIGN
05/07/2017 08:49,192.168.10.8,49189,192.168.10.3,49666,631578.9474,105263.1579,BENIGN
05/07/2017 08:47,192.168.10.19,123,158.69.223.100,123,2.781946955,0.057957228,BENIGN
05/07/2017 08:47,192.168.10.3,61460,192.168.10.1,53,2000.192326,38.46523704,BENIGN
05/07/2017 08:46,192.168.10.3,60925,192.168.10.1,53,958.7891862,8.560617734,BENIGN
05/07/2017 08:49,192.168.10.16,45194,23.194.181.198,443,11871.19003,45.05698383,BENIGN
05/07/2017 08:49,23.194.181.198,443,192.168.10.16,45194,23122.2843,931.0986965,BENIGN
05/07/2017 08:46,192.168.10.3,61758,192.168.10.1,53,327.6690572,2.965330835,BENIGN
05/07/2017 08:49,192.168.10.16,45722,172.217.10.78,443,7561.818851,42.17979355,BENIGN
05/07/2017 08:49,192.168.10.16,51074,172.217.11.40,443,38193.59898,72.2230247,BENIGN
05/07/2017 08:49,192.168.10.16,45212,23.194.181.198,443,79533.50822,144.1002414,BENIGN
05/07/2017 08:49,192.168.10.16,45214,23.194.181.198,443,78532.74572,137.5182539,BENIGN
05/07/2017 08:49,192.168.10.16,45208,23.194.181.198,443,77618.64132,138.5316277,BENIGN
05/07/2017 08:49,192.168.10.16,45210,23.194.181.198,443,74413.67089,129.053784,BENIGN
05/07/2017 08:49,172.217.11.40,443,192.168.10.16,51074,0,666666.6667,BENIGN
05/07/2017 08:49,172.217.10.78,443,192.168.10.16,45722,0,99.76555096,BENIGN
05/07/2017 08:49,23.194.181.198,443,192.168.10.16,45210,2327.502065,225.2421353,BENIGN
05/07/2017 08:49,23.194.181.198,443,192.168.10.16,45212,4050.169846,391.9519206,BENIGN
05/07/2017 08:49,23.194.181.198,443,192.168.10.16,45214,3140.512613,303.9205754,BENIGN
05/07/2017 08:49,23.194.181.198,443,192.168.10.16,45208,2608.54931,252.4402558,BENIGN
05/07/2017 08:49,192.168.10.16,48126,50.63.243.230,80,40612.65716,105.5265776,BENIGN
05/07/2017 08:49,192.168.10.16,48128,50.63.243.230,80,40442.55626,135.1087626,BENIGN
05/07/2017 08:49,192.168.10.16,48126,50.63.243.230,80,0,933.2711153,BENIGN
05/07/2017 08:49,192.168.10.16,48188,172.217.6.206,443,24889.46835,34.31049079,BENIGN
05/07/2017 08:49,192.168.10.14,49560,64.4.54.18,443,25938.82128,52.80704657,BENIGN
05/07/2017 08:49,172.217.6.206,443,192.168.10.16,48188,0,1322.168356,BENIGN
05/07/2017 08:47,192.168.10.3,60869,192.168.10.1,53,1875.558202,29.77076511,BENIGN
05/07/2017 08:49,192.168.10.16,55440,172.217.12.206,443,25520.43605,95.9794705,BENIGN
05/07/2017 08:49,172.217.12.206,443,192.168.10.16,55440,5348.243588,486.2039626,BENIGN
05/07/2017 08:49,192.168.10.16,45696,199.96.57.6,443,35643.47542,83.41407388,BENIGN
05/07/2017 08:49,192.168.10.16,45696,199.96.57.6,443,0,207.1966296,BENIGN
05/07/2017 08:49,192.168.10.25,49171,192.168.10.50,139,85056.64449,1183.839837,BENIGN
05/07/2017 08:49,192.168.10.25,49171,192.168.10.50,139,0,169.2047377,BENIGN
05/07/2017 08:49,192.168.10.16,48124,50.63.243.230,80,2506.163153,6.507100176,BENIGN
05/07/2017 08:49,192.168.10.16,36544,172.217.11.2,443,13910.8577,55.17748759,BENIGN
05/07/2017 08:49,192.168.10.16,48124,50.63.243.230,80,0,517.8663905,BENIGN
05/07/2017 08:49,172.217.11.2,443,192.168.10.16,36544,9421.841542,856.5310493,BENIGN
05/07/2017 08:49,192.168.10.16,48192,50.63.243.230,80,40131.58874,104.1992289,BENIGN
05/07/2017 08:49,192.168.10.16,48192,50.63.243.230,80,0,245.0379809,BENIGN
05/07/2017 08:47,192.168.10.3,61329,192.168.10.1,53,936.6913719,11.70864215,BENIGN
05/07/2017 08:49,192.168.10.16,43278,54.241.242.218,443,17075.09402,51.32560028,BENIGN
05/07/2017 08:49,192.168.10.16,38738,173.194.204.155,443,16619.92469,81.07280338,BENIGN
05/07/2017 08:49,192.168.10.16,43278,54.241.242.218,443,0,119.760479,BENIGN
05/07/2017 08:49,172.217.11.2,443,192.168.10.16,36544,137.1695072,45.72316907,BENIGN
05/07/2017 08:49,192.168.10.16,38742,173.194.204.155,443,15826.08637,64.5685293,BENIGN
05/07/2017 08:49,192.168.10.16,38740,173.194.204.155,443,16857.97144,88.34137544,BENIGN
05/07/2017 08:49,192.168.10.16,38736,173.194.204.155,443,15886.04996,77.52093783,BENIGN
05/07/2017 08:49,173.194.204.155,443,192.168.10.16,38738,0,486.1448712,BENIGN
05/07/2017 08:49,173.194.204.155,443,192.168.10.16,38742,8043.875686,731.261426,BENIGN
05/07/2017 08:49,173.194.204.155,443,192.168.10.16,38736,0,345.5723542,BENIGN
05/07/2017 08:49,173.194.204.155,443,192.168.10.16,38740,0,336.2192149,BENIGN
05/07/2017 08:49,192.168.10.16,48720,157.240.18.35,443,31793.14275,102.8904296,BENIGN
05/07/2017 08:49,192.168.10.16,48718,157.240.18.35,443,31744.77705,86.95033555,BENIGN
05/07/2017 08:49,192.168.10.16,36562,172.217.10.66,443,24248.37277,92.98481248,BENIGN
05/07/2017 08:49,192.168.10.16,48722,157.240.18.35,443,35560.3296,148.4036013,BENIGN
05/07/2017 08:49,157.240.18.35,443,192.168.10.16,48718,51931.33047,1180.257511,BENIGN
05/07/2017 08:49,157.240.18.35,443,192.168.10.16,48720,58337.50626,1001.502253,BENIGN
05/07/2017 08:49,172.217.10.66,443,192.168.10.16,36562,5266.703411,367.444424,BENIGN
05/07/2017 08:49,157.240.18.35,443,192.168.10.16,48722,15400000,800000,BENIGN
05/07/2017 08:49,192.168.10.16,39198,199.59.148.12,443,15647.91688,56.53870074,BENIGN
05/07/2017 08:49,192.168.10.16,43268,54.241.242.218,443,138082.3883,148.8298558,BENIGN
05/07/2017 08:49,192.168.10.16,43268,54.241.242.218,443,0,242.9543246,BENIGN
05/07/2017 08:49,199.59.148.12,443,192.168.10.16,39198,41960.89082,1629.549158,BENIGN
05/07/2017 08:49,192.168.10.16,38604,172.217.10.36,443,25497.41994,102.9736502,BENIGN
05/07/2017 08:49,172.217.10.36,443,192.168.10.16,38604,3621.101144,329.1910131,BENIGN
05/07/2017 08:49,172.217.10.36,443,192.168.10.16,38604,139.0643288,46.35477628,BENIGN
05/07/2017 08:47,192.168.10.19,123,138.236.128.36,123,2.780906499,0.057935552,BENIGN
05/07/2017 08:47,192.168.10.19,123,38.126.113.10,123,2.819903886,0.058747998,BENIGN
05/07/2017 08:47,192.168.10.17,123,91.189.91.157,123,2.907426319,0.060571382,BENIGN
05/07/2017 08:47,192.168.10.8,123,192.168.10.3,123,5.999140623,0.124982096,BENIGN
05/07/2017 08:48,192.168.10.9,14023,52.38.5.243,443,181.8666071,0.555417645,BENIGN
05/07/2017 08:49,192.168.10.16,43344,54.241.242.218,443,43178.07464,68.93399026,BENIGN
05/07/2017 08:49,192.168.10.16,43336,54.241.242.218,443,25435.52709,60.97209849,BENIGN
05/07/2017 08:49,192.168.10.16,43342,54.241.242.218,443,6548.16301,51.53328707,BENIGN
05/07/2017 08:49,192.168.10.16,43344,54.241.242.218,443,0,254.7554348,BENIGN
05/07/2017 08:49,192.168.10.16,43336,54.241.242.218,443,0,643.9150032,BENIGN
05/07/2017 08:49,192.168.10.16,43338,54.241.242.218,443,17246.76415,48.64012452,BENIGN
05/07/2017 08:49,192.168.10.16,43338,54.241.242.218,443,0,1235.584843,BENIGN
05/07/2017 08:49,192.168.10.16,43346,54.241.242.218,443,8832.790853,37.53936112,BENIGN
05/07/2017 08:49,192.168.10.16,43340,54.241.242.218,443,14910.32591,40.40738728,BENIGN
05/07/2017 08:49,192.168.10.16,43346,54.241.242.218,443,0,512.295082,BENIGN
05/07/2017 08:49,192.168.10.16,43340,54.241.242.218,443,0,893.6550492,BENIGN
05/07/2017 08:49,192.168.10.16,40776,23.203.114.64,443,915.8672076,2.675366721,BENIGN
05/07/2017 08:49,192.168.10.16,40774,23.203.114.64,443,915.8204913,3.031927625,BENIGN
05/07/2017 08:49,192.168.10.16,44226,52.84.141.58,443,713.1389002,2.664943573,BENIGN
05/07/2017 08:49,23.203.114.64,443,192.168.10.16,40776,109974.4246,10230.17903,BENIGN
05/07/2017 08:49,23.203.114.64,443,192.168.10.16,40774,221556.8862,17964.07186,BENIGN
05/07/2017 08:47,192.168.10.3,60365,192.168.10.1,53,8113.756505,81.95713642,BENIGN
05/07/2017 08:49,192.168.10.14,49555,64.4.54.18,443,35504.35046,29.01387475,BENIGN
05/07/2017 08:49,192.168.10.16,48256,199.15.212.234,443,1214.879752,3.89782041,BENIGN
05/07/2017 08:49,192.168.10.16,48256,199.15.212.234,443,1081632.653,40816.32653,BENIGN
05/07/2017 08:47,192.168.10.3,60340,192.168.10.1,53,8418.083924,85.46278096,BENIGN
05/07/2017 08:47,192.168.10.3,60627,192.168.10.1,53,4191.665982,82.18952905,BENIGN
05/07/2017 08:49,192.168.10.16,40904,23.45.197.201,443,801.410813,2.812625689,BENIGN
05/07/2017 08:49,192.168.10.16,52362,72.247.71.166,443,960.2113585,3.174561084,BENIGN
05/07/2017 08:49,192.168.10.16,58680,169.54.129.32,443,709.9057843,2.235337027,BENIGN
05/07/2017 08:49,192.168.10.16,58682,169.54.129.32,443,711.3969366,2.607896599,BENIGN
05/07/2017 08:49,192.168.10.16,44986,52.84.143.188,80,0,1.059992202,BENIGN
05/07/2017 08:49,192.168.10.16,44990,52.84.143.188,80,0,1.060001003,BENIGN
05/07/2017 08:49,192.168.10.16,52352,34.198.47.156,443,925.9145601,2.55730407,BENIGN
05/07/2017 08:49,192.168.10.16,48254,199.15.212.234,443,954.7519148,2.855521209,BENIGN
05/07/2017 08:49,192.168.10.16,36060,34.206.223.3,443,899.983233,2.650907903,BENIGN
05/07/2017 08:49,192.168.10.16,40454,52.208.159.105,443,892.8484969,2.790151553,BENIGN
05/07/2017 08:49,192.168.10.16,37042,216.58.219.206,80,0,0.692888573,BENIGN
05/07/2017 08:49,72.247.71.166,443,192.168.10.16,52362,31000000,2000000,BENIGN
05/07/2017 08:49,199.15.212.234,443,192.168.10.16,48254,0,500000,BENIGN
05/07/2017 08:49,34.206.223.3,443,192.168.10.16,36060,15500000,1000000,BENIGN
05/07/2017 08:49,192.168.10.16,52352,34.198.47.156,443,1321428.571,107142.8571,BENIGN
05/07/2017 08:49,23.45.197.201,443,192.168.10.16,40904,10300000,666666.6667,BENIGN
05/07/2017 08:49,52.208.159.105,443,192.168.10.16,40454,31000000,2000000,BENIGN
05/07/2017 08:44,192.168.10.3,60954,192.168.10.1,53,825.4761634,7.573175811,BENIGN
05/07/2017 08:49,192.168.10.16,54502,178.255.83.1,80,24485.48414,132.0480655,BENIGN
05/07/2017 08:49,192.168.10.16,54500,178.255.83.1,80,24481.78955,132.0281409,BENIGN
05/07/2017 08:49,192.168.10.16,54502,178.255.83.1,80,0,262.6740215,BENIGN
05/07/2017 08:49,192.168.10.16,54500,178.255.83.1,80,0,264.8305085,BENIGN
05/07/2017 08:49,192.168.10.16,48310,50.63.243.230,80,39916.4333,118.5343231,BENIGN
05/07/2017 08:49,192.168.10.16,48310,50.63.243.230,80,0,682.5938567,BENIGN
05/07/2017 08:44,192.168.10.3,61833,192.168.10.1,53,1699.950832,10.46123589,BENIGN
05/07/2017 08:49,192.168.10.16,54498,178.255.83.1,80,3696.247085,22.78118388,BENIGN
05/07/2017 08:49,192.168.10.16,54496,178.255.83.1,80,3677.720607,19.83362423,BENIGN
05/07/2017 08:49,192.168.10.16,54496,178.255.83.1,80,0,491.5212583,BENIGN
05/07/2017 08:49,192.168.10.5,49279,23.194.182.93,80,1624.387471,33.84140564,BENIGN
05/07/2017 08:49,192.168.10.16,37114,216.58.219.206,80,0,0.717623432,BENIGN
05/07/2017 08:49,192.168.10.16,37122,216.58.219.206,80,0,0.720429823,BENIGN
05/07/2017 08:49,192.168.10.16,45754,23.50.75.27,80,0,0.682001121,BENIGN
05/07/2017 08:49,192.168.10.16,36558,104.244.43.176,443,826.4164374,2.515180462,BENIGN
05/07/2017 08:49,192.168.10.16,51674,52.216.224.232,443,614.1568437,3.522888205,BENIGN
05/07/2017 08:49,192.168.10.16,51672,52.216.224.232,443,613.6059601,3.942732252,BENIGN
05/07/2017 08:49,104.244.43.176,443,192.168.10.16,36558,7750000,500000,BENIGN
05/07/2017 08:49,192.168.10.14,49572,40.77.228.69,443,30395.34012,62.44090414,BENIGN
05/07/2017 08:42,192.168.10.3,62435,192.168.10.1,53,2465.27569,30.06433768,BENIGN
05/07/2017 08:49,192.168.10.14,49574,23.15.4.8,443,56395.43811,153.5519355,BENIGN
05/07/2017 08:49,23.15.4.8,443,192.168.10.14,49574,567924.5283,7547.169811,BENIGN
05/07/2017 08:47,192.168.10.19,123,192.154.108.74,123,2.820684461,0.05876426,BENIGN
05/07/2017 08:49,192.168.10.14,49576,64.4.54.18,443,19356.53109,36.72468292,BENIGN
05/07/2017 08:49,192.168.10.14,49577,40.77.228.69,443,32780.11875,68.03677615,BENIGN
05/07/2017 08:49,192.168.10.16,43348,54.241.242.218,443,133.1916483,1.990636048,BENIGN
05/07/2017 08:49,192.168.10.16,37152,52.24.49.107,443,614.1741243,2.465855389,BENIGN
05/07/2017 08:49,192.168.10.16,43350,54.241.242.218,443,1053.669406,2.716576331,BENIGN
05/07/2017 08:49,52.24.49.107,443,192.168.10.16,37152,15500000,1000000,BENIGN
05/07/2017 08:49,54.241.242.218,443,192.168.10.16,43348,97484.27673,9433.962264,BENIGN
05/07/2017 08:49,54.241.242.218,443,192.168.10.16,43350,10300000,666666.6667,BENIGN
05/07/2017 08:49,192.168.10.14,49579,40.77.228.69,443,33310.92525,65.47816521,BENIGN
05/07/2017 08:49,192.168.10.14,49580,64.4.54.18,443,24767.19907,50.35348144,BENIGN
05/07/2017 08:49,192.168.10.16,46664,209.197.3.19,443,960.0092744,3.409697395,BENIGN
05/07/2017 08:49,192.168.10.16,48508,54.214.46.149,443,950.2195302,3.233980383,BENIGN
05/07/2017 08:49,192.168.10.16,42250,54.214.26.58,443,860.9438586,2.931312957,BENIGN
05/07/2017 08:49,54.214.46.149,443,192.168.10.16,48508,15500000,1000000,BENIGN
05/07/2017 08:49,54.214.26.58,443,192.168.10.16,42250,10300000,666666.6667,BENIGN
05/07/2017 08:49,192.168.10.16,48508,54.214.46.149,443,66.57383315,16.64345829,BENIGN
05/07/2017 08:46,192.168.10.16,8612,192.168.10.255,8612,42662.45309,2370.136283,BENIGN
05/07/2017 08:46,192.168.10.16,8612,192.168.10.255,8610,42637.1891,2368.732728,BENIGN
05/07/2017 08:49,192.168.10.16,36552,104.244.43.176,443,533.6696785,1.66526882,BENIGN
05/07/2017 08:49,192.168.10.16,36552,104.244.43.176,443,0,11695.90643,BENIGN
05/07/2017 08:47,192.168.10.17,123,91.189.89.198,123,2.904878176,0.060518295,BENIGN
05/07/2017 08:49,192.168.10.16,54930,173.241.242.143,443,627.0306293,2.33717487,BENIGN
05/07/2017 08:49,192.168.10.16,45892,23.50.75.27,80,0,0.685231061,BENIGN
05/07/2017 08:49,192.168.10.16,48312,50.63.243.230,80,0,0.69462208,BENIGN
05/07/2017 08:49,192.168.10.16,45282,104.196.116.189,443,1079.936233,2.68182209,BENIGN
05/07/2017 08:49,192.168.10.16,45890,23.50.75.27,80,0,0.685246556,BENIGN
05/07/2017 08:49,192.168.10.16,34690,208.185.50.90,443,569.5817832,2.379631443,BENIGN
05/07/2017 08:49,192.168.10.16,56208,52.2.156.182,443,960.0521753,3.039271319,BENIGN
05/07/2017 08:49,192.168.10.16,47782,68.67.178.111,443,868.3469143,2.33202701,BENIGN
05/07/2017 08:49,173.241.242.143,443,192.168.10.16,54930,82300000,666666.6667,BENIGN
05/07/2017 08:49,173.241.242.143,443,192.168.10.16,54930,599.0176111,54.45614647,BENIGN
05/07/2017 08:49,192.168.10.16,54930,173.241.242.143,443,1012.583248,8.004610656,BENIGN
05/07/2017 08:47,192.168.10.19,123,198.55.111.50,123,2.778805638,0.057891784,BENIGN
05/07/2017 08:49,192.168.10.16,54930,173.241.242.143,443,506.2693353,4.002129133,BENIGN
05/07/2017 08:49,192.168.10.14,49570,52.84.145.84,443,809.1994109,2.562004954,BENIGN
